png_name,raw_image,species,strain,condition,assay,phenotype,match_status
000.png,20210205-assayA-p007-m2X_H01.TIF,C_elegans,JU775,moxidectin,20210205-assayA,heterogenous_sizes_curly_straight,matched
001.png,20210205-assayA-p007-m2X_H02.TIF,C_elegans,CX11314,moxidectin,20210205-assayA,heterogenous_sizes_curly_straight,matched
002.png,20210205-assayA-p007-m2X_H03.TIF,C_elegans,PD1074,moxidectin,20210205-assayA,heterogenous_sizes_curly_straight,matched
003.png,20210205-assayA-p007-m2X_H04.TIF,C_elegans,CB4856,moxidectin,20210205-assayA,heterogenous_sizes_curly_straight,matched
004.png,20210205-assayA-p007-m2X_H05.TIF,C_elegans,MY16,moxidectin,20210205-assayA,heterogenous_sizes_curly_straight,matched
005.png,20210205-assayA-p007-m2X_H06.TIF,C_elegans,DL238,moxidectin,20210205-assayA,heterogenous_sizes_straight,matched
006.png,20210205-assayA-p007-m2X_H07.TIF,C_elegans,JU775,moxidectin,20210205-assayA,heterogenous_sizes_straight,matched
007.png,20210205-assayA-p007-m2X_H08.TIF,C_elegans,CX11314,moxidectin,20210205-assayA,heterogenous_sizes_curly_straight,matched
008.png,20210205-assayA-p007-m2X_H09.TIF,C_elegans,PD1074,moxidectin,20210205-assayA,heterogenous_sizes_curly_straight,matched
009.png,20210205-assayA-p007-m2X_H10.TIF,C_elegans,CB4856,moxidectin,20210205-assayA,heterogenous_sizes_curly_straight,matched
010.png,20210205-assayA-p007-m2X_H11.TIF,C_elegans,MY16,moxidectin,20210205-assayA,heterogenous_sizes_curly_straight,matched
011.png,20210205-assayA-p007-m2X_H12.TIF,C_elegans,DL238,moxidectin,20210205-assayA,heterogenous_sizes_straight,matched
012.png,20210205-assayA-p010-m2X_A01.TIF,C_elegans,DL238,DMSO,20210205-assayA,L4_straight,matched
013.png,20210205-assayA-p010-m2X_A02.TIF,C_elegans,MY16,DMSO,20210205-assayA,L4_straight,matched
014.png,20210205-assayA-p010-m2X_A03.TIF,C_elegans,CB4856,DMSO,20210205-assayA,heterogenous_sizes_straight,matched
015.png,20210205-assayA-p010-m2X_A05.TIF,C_elegans,CX11314,DMSO,20210205-assayA,L4_straight,matched
016.png,20210205-assayA-p010-m2X_A06.TIF,C_elegans,JU775,DMSO,20210205-assayA,L4_straight,matched
017.png,20210205-assayA-p010-m2X_A07.TIF,C_elegans,DL238,DMSO,20210205-assayA,L4_straight,matched
018.png,20210205-assayA-p010-m2X_A08.TIF,C_elegans,MY16,DMSO,20210205-assayA,L4_straight,matched
019.png,20210205-assayA-p010-m2X_A09.TIF,C_elegans,CB4856,DMSO,20210205-assayA,L4_straight,matched
020.png,20210205-assayA-p010-m2X_A11.TIF,C_elegans,CX11314,DMSO,20210205-assayA,L4_straight,matched
021.png,20210205-assayA-p010-m2X_A12.TIF,C_elegans,JU775,DMSO,20210205-assayA,L4_straight,matched
022.png,20210205-assayA-p012-m2X_B02.TIF,C_elegans,CX11314,abamectin,20210205-assayA,heterogenous_sizes_straight,matched
023.png,20210205-assayA-p012-m2X_B03.TIF,C_elegans,PD1074,abamectin,20210205-assayA,heterogenous_sizes_straight,matched
024.png,20210205-assayA-p012-m2X_B04.TIF,C_elegans,CB4856,abamectin,20210205-assayA,heterogenous_sizes_straight,matched
026.png,20210205-assayA-p012-m2X_B06.TIF,C_elegans,DL238,abamectin,20210205-assayA,heterogenous_sizes_straight,matched
028.png,20210205-assayA-p012-m2X_B09.TIF,C_elegans,PD1074,abamectin,20210205-assayA,heterogenous_sizes_straight,matched
029.png,20210205-assayA-p012-m2X_B10.TIF,C_elegans,CB4856,abamectin,20210205-assayA,heterogenous_sizes_straight,matched
031.png,20210205-assayA-p012-m2X_B12.TIF,C_elegans,CB4856,,,,manual_override
032.png,20210205-assayA-p019-m2X_H01.TIF,C_elegans,JU775,abamectin,20210205-assayA,L1,matched
033.png,20210205-assayA-p019-m2X_H02.TIF,C_elegans,CX11314,abamectin,20210205-assayA,L1,matched
039.png,20210205-assayA-p019-m2X_H08.TIF,C_elegans,CX11314,abamectin,20210205-assayA,L1,matched
040.png,20210205-assayA-p019-m2X_H09.TIF,C_elegans,PD1074,abamectin,20210205-assayA,L1,matched
041.png,20210205-assayA-p019-m2X_H10.TIF,C_elegans,CB4856,abamectin,20210205-assayA,L1,matched
042.png,20210205-assayA-p019-m2X_H11.TIF,C_elegans,MY16,abamectin,20210205-assayA,L1,matched
043.png,20210205-assayA-p019-m2X_H12.TIF,C_elegans,DL238,abamectin,20210205-assayA,L1,matched
044.png,20210205-assayA-p025-m2X_G01.TIF,C_elegans,JU775,milbemycin,20210205-assayA,L1,matched
045.png,20210205-assayA-p025-m2X_G02.TIF,C_elegans,CX11314,milbemycin,20210205-assayA,L1,matched
046.png,20210205-assayA-p025-m2X_G03.TIF,C_elegans,PD1074,milbemycin,20210205-assayA,heterogenous_sizes_straight,matched
047.png,20210205-assayA-p025-m2X_G04.TIF,C_elegans,CB4856,milbemycin,20210205-assayA,L1,matched
048.png,20210205-assayA-p025-m2X_G05.TIF,C_elegans,MY16,milbemycin,20210205-assayA,L1_curved,matched
049.png,20210205-assayA-p025-m2X_G06.TIF,C_elegans,DL238,milbemycin,20210205-assayA,heterogenous_sizes_straight,matched
051.png,20210205-assayA-p025-m2X_G08.TIF,C_elegans,CX11314,milbemycin,20210205-assayA,L1_curved,matched
053.png,20210205-assayA-p025-m2X_G10.TIF,C_elegans,CB4856,milbemycin,20210205-assayA,MDHD,matched
055.png,20210205-assayA-p025-m2X_G12.TIF,C_elegans,DL238,milbemycin,20210205-assayA,heterogenous_sizes_straight,matched
057.png,20210205-assayA-p044-m2X_D02.TIF,C_elegans,CX11314,emodepside,20210205-assayA,heterogenous_sizes_straight,matched
060.png,20210205-assayA-p044-m2X_D06.TIF,C_elegans,DL238,emodepside,20210205-assayA,heterogenous_sizes_straight,matched
061.png,20210205-assayA-p044-m2X_D07.TIF,C_elegans,JU775,emodepside,20210205-assayA,heterogenous_sizes_straight,matched
062.png,20210205-assayA-p044-m2X_D08.TIF,C_elegans,CX11314,emodepside,20210205-assayA,heterogenous_sizes_straight,matched
063.png,20210205-assayA-p044-m2X_D10.TIF,C_elegans,CB4856,emodepside,20210205-assayA,heterogenous_sizes_straight,matched
064.png,20210205-assayA-p044-m2X_D11.TIF,C_elegans,MY16,emodepside,20210205-assayA,heterogenous_sizes_straight,matched
065.png,20210205-assayA-p044-m2X_D12.TIF,C_elegans,DL238,emodepside,20210205-assayA,heterogenous_sizes_straight,matched
066.png,20210205-assayA-p044-m2X_H01.TIF,C_elegans,JU775,emodepside,20210205-assayA,MDHD,matched
067.png,20210205-assayA-p044-m2X_H02.TIF,C_elegans,CX11314,emodepside,20210205-assayA,MDHD,matched
068.png,20210205-assayA-p044-m2X_H04.TIF,C_elegans,CB4856,emodepside,20210205-assayA,heterogenous_sizes_straight,matched
070.png,20210205-assayA-p044-m2X_H06.TIF,C_elegans,DL238,emodepside,20210205-assayA,MDHD,matched
071.png,20210205-assayA-p044-m2X_H07.TIF,C_elegans,JU775,emodepside,20210205-assayA,MDHD,matched
072.png,20210205-assayA-p044-m2X_H08.TIF,C_elegans,CX11314,emodepside,20210205-assayA,heterogenous_sizes_straight,matched
073.png,20210205-assayA-p044-m2X_H10.TIF,C_elegans,CB4856,emodepside,20210205-assayA,heterogenous_sizes_straight,matched
074.png,20210205-assayA-p044-m2X_H11.TIF,C_elegans,MY16,emodepside,20210205-assayA,MDHD,matched
075.png,20210205-assayA-p044-m2X_H12.TIF,C_elegans,DL238,emodepside,20210205-assayA,heterogenous_sizes_straight,matched
076.png,20211101-RNAMock96-p001-m2X_A01.TIF,C_elegans,,na,20211101_RNAMock96,L4_curly/wavy,no_strain_in_sheet
077.png,20211101-RNAMock96-p001-m2X_A02.TIF,C_elegans,,na,20211101_RNAMock96,L4_curly/wavy,no_strain_in_sheet
078.png,20211101-RNAMock96-p001-m2X_A04.TIF,C_elegans,,na,20211101_RNAMock96,L4_curly/wavy,no_strain_in_sheet
079.png,20211101-RNAMock96-p001-m2X_A05.TIF,C_elegans,,na,20211101_RNAMock96,L4_curly/wavy,no_strain_in_sheet
082.png,20211101-RNAMock96-p001-m2X_B04.TIF,C_elegans,,na,20211101_RNAMock96,L4_curly/wavy,no_strain_in_sheet
084.png,20211101-RNAMock96-p001-m2X_C01.TIF,C_elegans,,na,20211101_RNAMock96,L4_curly/wavy,no_strain_in_sheet
085.png,20211101-RNAMock96-p001-m2X_C02.TIF,C_elegans,,na,20211101_RNAMock96,L4_curly/wavy,no_strain_in_sheet
086.png,20211101-RNAMock96-p001-m2X_C04.TIF,C_elegans,,na,20211101_RNAMock96,L4_curly/wavy,no_strain_in_sheet
087.png,20211101-RNAMock96-p001-m2X_C05.TIF,C_elegans,,na,20211101_RNAMock96,L4_curly/wavy,no_strain_in_sheet
089.png,20241114-ABZCeCbHTA3-p002-m2x_A07_copy.TIF,C_briggsae,NIC248,DMSO,20241114-ABZCeCbRound2HTA3_JHU,L4_straight_worms_crossing,matched
090.png,20241114-ABZCeCbHTA3-p002-m2x_A09_copy.TIF,C_briggsae,NIC248,DMSO,20241114-ABZCeCbRound2HTA3_JHU,L4_straight,matched
091.png,20241114-ABZCeCbHTA3-p002-m2x_A12_copy.TIF,C_briggsae,NIC248,DMSO,20241114-ABZCeCbRound2HTA3_JHU,L4_straight,matched
092.png,20241114-ABZCeCbHTA3-p003-m2x_A01_copy.TIF,C_elegans,N2,DMSO,20241114-ABZCeCbRound2HTA3_JHU,L4_straight,matched
093.png,20241114-ABZCeCbHTA3-p003-m2x_A02_copy.TIF,C_elegans,N2,DMSO,20241114-ABZCeCbRound2HTA3_JHU,L4_straight_worms_crossing,matched
094.png,20241114-ABZCeCbHTA3-p003-m2x_A03_copy.TIF,C_elegans,N2,DMSO,20241114-ABZCeCbRound2HTA3_JHU,L4_straight_worms_crossing,matched
095.png,20241114-ABZCeCbHTA3-p003-m2x_A04_copy.TIF,C_elegans,N2,DMSO,20241114-ABZCeCbRound2HTA3_JHU,L4_straight_worms_crossing,matched
096.png,20241114-ABZCeCbHTA3-p003-m2x_A05_copy.TIF,C_elegans,N2,DMSO,20241114-ABZCeCbRound2HTA3_JHU,L4_straight_worms_crossing,matched
097.png,20241114-ABZCeCbHTA3-p003-m2x_A06_copy.TIF,C_elegans,N2,DMSO,20241114-ABZCeCbRound2HTA3_JHU,L4_straight_worms_crossing,matched
098.png,20241114-ABZCeCbHTA3-p003-m2x_A07_copy.TIF,C_elegans,N2,DMSO,20241114-ABZCeCbRound2HTA3_JHU,L4_straight_worms_crossing,matched
099.png,20241114-ABZCeCbHTA3-p003-m2x_A08_copy.TIF,C_elegans,N2,DMSO,20241114-ABZCeCbRound2HTA3_JHU,L4_straight_worms_crossing,matched
100.png,20241114-ABZCeCbHTA3-p003-m2x_A09_copy.TIF,C_elegans,N2,DMSO,20241114-ABZCeCbRound2HTA3_JHU,L4_straight_worms_crossing,matched
101.png,20241114-ABZCeCbHTA3-p003-m2x_A10_copy.TIF,C_elegans,N2,DMSO,20241114-ABZCeCbRound2HTA3_JHU,L4_straight_worms_crossing,matched
102.png,20241114-ABZCeCbHTA3-p003-m2x_A11_copy.TIF,C_elegans,N2,DMSO,20241114-ABZCeCbRound2HTA3_JHU,L4_straight_worms_crossing,matched
103.png,20241114-ABZCeCbHTA3-p003-m2x_A12_copy.TIF,C_elegans,N2,DMSO,20241114-ABZCeCbRound2HTA3_JHU,L4_straight_worms_crossing,matched
104.png,20241114-ABZCeCbHTA3-p005-m2x_A07_copy.TIF,C_briggsae,QG4097,DMSO,20241114-ABZCeCbRound2HTA3_JHU,L4_straight_worms_crossing,matched
105.png,20241114-ABZCeCbHTA3-p005-m2x_A08_copy.TIF,C_briggsae,QG4097,DMSO,20241114-ABZCeCbRound2HTA3_JHU,L4_straight_worms_crossing,matched
106.png,20241114-ABZCeCbHTA3-p006-m2x_A04_copy.TIF,C_briggsae,ECA163,DMSO,20241114-ABZCeCbRound2HTA3_JHU,L4_straight,matched
107.png,20241114-ABZCeCbHTA3-p006-m2x_A05_copy.TIF,C_briggsae,ECA163,DMSO,20241114-ABZCeCbRound2HTA3_JHU,L4_straight,matched
108.png,20241114-ABZCeCbHTA3-p007-m2x_B02_copy.TIF,C_briggsae,ECA276,DMSO,20241114-ABZCeCbRound2HTA3_JHU,L4_straight,matched
109.png,20241114-ABZCeCbHTA3-p007-m2x_B03_copy.TIF,C_briggsae,ECA276,DMSO,20241114-ABZCeCbRound2HTA3_JHU,L4_straight,matched
110.png,20241114-ABZCeCbHTA3-p007-m2x_E02_copy.TIF,C_briggsae,ECA276,albendazole,20241114-ABZCeCbRound2HTA3_JHU,drugged_straight,matched
111.png,20241114-ABZCeCbHTA3-p007-m2x_E03_copy.TIF,C_briggsae,ECA276,albendazole,20241114-ABZCeCbRound2HTA3_JHU,drugged_straight,matched
112.png,20241114-ABZCeCbHTA3-p007-m2x_E04_copy.TIF,C_briggsae,ECA276,albendazole,20241114-ABZCeCbRound2HTA3_JHU,drugged_straight,matched
113.png,20241114-ABZCeCbHTA3-p008-m2x_A05_copy.TIF,C_briggsae,QR25,DMSO,20241114-ABZCeCbRound2HTA3_JHU,L4_straight,matched
114.png,20241114-ABZCeCbHTA3-p008-m2x_A06_copy.TIF,C_briggsae,QR25,DMSO,20241114-ABZCeCbRound2HTA3_JHU,L4_straight,matched
115.png,20241114-ABZCeCbHTA3-p008-m2x_A07_copy.TIF,C_briggsae,QR25,DMSO,20241114-ABZCeCbRound2HTA3_JHU,L4_straight,matched
116.png,20241114-ABZCeCbHTA3-p008-m2x_E05_copy.TIF,C_briggsae,QR25,albendazole,20241114-ABZCeCbRound2HTA3_JHU,drugged_straight,matched
117.png,20241114-ABZCeCbHTA3-p008-m2x_E06_copy.TIF,C_briggsae,QR25,albendazole,20241114-ABZCeCbRound2HTA3_JHU,drugged_straight,matched
118.png,20241114-ABZCeCbHTA3-p008-m2x_E07_copy.TIF,C_briggsae,QR25,albendazole,20241114-ABZCeCbRound2HTA3_JHU,drugged_straight,matched
119.png,20241114-ABZCeCbHTA3-p009-m2x_A09_copy.TIF,C_briggsae,BRC20094,DMSO,20241114-ABZCeCbRound2HTA3_JHU,L4_straight,matched
120.png,20241114-ABZCeCbHTA3-p009-m2x_A10_copy.TIF,C_briggsae,BRC20094,DMSO,20241114-ABZCeCbRound2HTA3_JHU,L4_straight,matched
121.png,20241114-ABZCeCbHTA3-p009-m2x_A11_copy.TIF,C_briggsae,BRC20094,DMSO,20241114-ABZCeCbRound2HTA3_JHU,L4_straight,matched
122.png,20241114-ABZCeCbHTA3-p009-m2x_E08_copy.TIF,C_briggsae,BRC20094,albendazole,20241114-ABZCeCbRound2HTA3_JHU,drugged_straight,matched
123.png,20241114-ABZCeCbHTA3-p009-m2x_E09_copy.TIF,C_briggsae,BRC20094,albendazole,20241114-ABZCeCbRound2HTA3_JHU,drugged_straight,matched
124.png,20241114-ABZCeCbHTA3-p009-m2x_E10_copy.TIF,C_briggsae,BRC20094,albendazole,20241114-ABZCeCbRound2HTA3_JHU,drugged_straight,matched
125.png,20241114-ABZCeCbHTA3-p010-m2x_A02_copy.TIF,C_briggsae,AF16,DMSO,20241114-ABZCeCbRound2HTA3_JHU,L4_straight,matched
126.png,20241114-ABZCeCbHTA3-p010-m2x_A05_copy.TIF,C_briggsae,AF16,DMSO,20241114-ABZCeCbRound2HTA3_JHU,L4_straight,matched
127.png,20241114-ABZCeCbHTA3-p010-m2x_A06_copy.TIF,C_briggsae,AF16,DMSO,20241114-ABZCeCbRound2HTA3_JHU,L4_straight,matched
128.png,20241114-ABZCeCbHTA3-p010-m2x_E02_copy.TIF,C_briggsae,AF16,albendazole,20241114-ABZCeCbRound2HTA3_JHU,drugged_straight,matched
129.png,20241114-ABZCeCbHTA3-p010-m2x_E03_copy.TIF,C_briggsae,AF16,albendazole,20241114-ABZCeCbRound2HTA3_JHU,drugged_straight,matched
130.png,20241114-ABZCeCbHTA3-p010-m2x_E04_copy.TIF,C_briggsae,AF16,albendazole,20241114-ABZCeCbRound2HTA3_JHU,drugged_straight,matched
131.png,20241114-ABZCeCbHTA3-p011-m2x_A04_copy.TIF,C_briggsae,NIC532,DMSO,20241114-ABZCeCbRound2HTA3_JHU,L4_straight,matched
132.png,20241114-ABZCeCbHTA3-p011-m2x_A05_copy.TIF,C_briggsae,NIC532,DMSO,20241114-ABZCeCbRound2HTA3_JHU,L4_straight,matched
133.png,20241114-ABZCeCbHTA3-p011-m2x_A06_copy.TIF,C_briggsae,NIC532,DMSO,20241114-ABZCeCbRound2HTA3_JHU,L4_straight,matched
134.png,20241114-ABZCeCbHTA3-p011-m2x_E04_copy.TIF,C_briggsae,NIC532,albendazole,20241114-ABZCeCbRound2HTA3_JHU,drugged_straight,matched
135.png,20241114-ABZCeCbHTA3-p011-m2x_E05_copy.TIF,C_briggsae,NIC532,albendazole,20241114-ABZCeCbRound2HTA3_JHU,drugged_straight,matched
136.png,20241114-ABZCeCbHTA3-p011-m2x_E06_copy.TIF,C_briggsae,NIC532,albendazole,20241114-ABZCeCbRound2HTA3_JHU,drugged_straight,matched
137.png,20241114-ABZCeCbHTA3-p012-m2x_A05_copy.TIF,C_briggsae,XZ1731,DMSO,20241114-ABZCeCbRound2HTA3_JHU,L4_straight,matched
138.png,20241114-ABZCeCbHTA3-p012-m2x_A06_copy.TIF,C_briggsae,XZ1731,DMSO,20241114-ABZCeCbRound2HTA3_JHU,L4_straight,matched
139.png,20241114-ABZCeCbHTA3-p012-m2x_A07_copy.TIF,C_briggsae,XZ1731,DMSO,20241114-ABZCeCbRound2HTA3_JHU,L4_straight,matched
140.png,20241114-ABZCeCbHTA3-p012-m2x_E02_copy.TIF,C_briggsae,XZ1731,albendazole,20241114-ABZCeCbRound2HTA3_JHU,drugged_straight,matched
141.png,20241114-ABZCeCbHTA3-p012-m2x_E03_copy.TIF,C_briggsae,XZ1731,albendazole,20241114-ABZCeCbRound2HTA3_JHU,drugged_straight,matched
142.png,20241114-ABZCeCbHTA3-p012-m2x_E04_copy.TIF,C_briggsae,XZ1731,albendazole,20241114-ABZCeCbRound2HTA3_JHU,drugged_straight,matched
143.png,20250116-Leahtoxin-p001-m2x_A01_copy.TIF,C_elegans,N2,,20250116-Leahtoxin-p006-m2x_Plate_7289,L4_straight,matched
144.png,20250116-Leahtoxin-p001-m2x_A02_copy.TIF,C_elegans,N2,,20250116-Leahtoxin-p006-m2x_Plate_7289,L4_straight,matched
145.png,20250116-Leahtoxin-p001-m2x_A04_copy.TIF,C_elegans,N2,,20250116-Leahtoxin-p006-m2x_Plate_7289,L4_straight,matched
146.png,20250116-Leahtoxin-p001-m2x_A08_copy.TIF,C_elegans,N2,,20250116-Leahtoxin-p006-m2x_Plate_7289,L4_straight,matched
147.png,20250116-Leahtoxin-p001-m2x_A11_copy.TIF,C_elegans,N2,,20250116-Leahtoxin-p006-m2x_Plate_7289,L2_L3_straight,matched
148.png,20250116-Leahtoxin-p001-m2x_B06_copy.TIF,C_elegans,N2,,20250116-Leahtoxin-p006-m2x_Plate_7289,L2_L3_straight,matched
149.png,20250116-Leahtoxin-p001-m2x_B08_copy.TIF,C_elegans,N2,,20250116-Leahtoxin-p006-m2x_Plate_7289,L4_straight,matched
150.png,20250116-Leahtoxin-p001-m2x_C05_copy.TIF,C_elegans,N2,,20250116-Leahtoxin-p006-m2x_Plate_7289,heterogenous_sizes_straight,matched
151.png,20250116-Leahtoxin-p001-m2x_C06_copy.TIF,C_elegans,N2,,20250116-Leahtoxin-p006-m2x_Plate_7289,heterogenous_sizes_straight,matched
152.png,20250116-Leahtoxin-p001-m2x_C07_copy.TIF,C_elegans,N2,,20250116-Leahtoxin-p006-m2x_Plate_7289,L4_straight,matched
154.png,20250424-CbDRC2-p001-m2x_A01_copy.TIF,C_briggsae,PB420,DMSO,20250424_Cbriggsae_DRC2,L4_curly/wavy,matched
155.png,20250424-CbDRC2-p001-m2x_A02_copy.TIF,C_briggsae,PB420,diethylcarbamazine,20250424_Cbriggsae_DRC2,L4_curly/wavy,matched
156.png,20250424-CbDRC2-p001-m2x_A03_copy.TIF,C_briggsae,PB420,diethylcarbamazine,20250424_Cbriggsae_DRC2,L4_curly/wavy,matched
157.png,20250424-CbDRC2-p001-m2x_A04_copy.TIF,C_briggsae,PB420,diethylcarbamazine,20250424_Cbriggsae_DRC2,L4_curly/wavy,matched
158.png,20250424-CbDRC2-p001-m2x_A05_copy.TIF,C_briggsae,PB420,diethylcarbamazine,20250424_Cbriggsae_DRC2,L4_curly/wavy,matched
161.png,20250424-CbDRC2-p001-m2x_A08_copy.TIF,C_briggsae,PB420,diethylcarbamazine,20250424_Cbriggsae_DRC2,L4_curly/wavy,matched
163.png,20250424-CbDRC2-p001-m2x_A10_copy.TIF,C_briggsae,PB420,diethylcarbamazine,20250424_Cbriggsae_DRC2,L4_curly/wavy,matched
164.png,20250424-CbDRC2-p001-m2x_A11_copy.TIF,C_briggsae,PB420,diethylcarbamazine,20250424_Cbriggsae_DRC2,L4_curly/wavy,matched
165.png,20250424-CbDRC2-p001-m2x_B01_copy.TIF,C_briggsae,JU3237,DMSO,20250424_Cbriggsae_DRC2,L4_curly/wavy,matched
166.png,20250424-CbDRC2-p001-m2x_C01_copy.TIF,C_briggsae,NIC1667,DMSO,20250424_Cbriggsae_DRC2,L4_curly/wavy,matched
167.png,20250424-CbDRC2-p001-m2x_D01_copy.TIF,C_briggsae,VX34,DMSO,20250424_Cbriggsae_DRC2,L4_curly/wavy,matched
168.png,20250424-CbDRC2-p001-m2x_E01_copy.TIF,C_briggsae,ECA2666,DMSO,20250424_Cbriggsae_DRC2,L4_circles,matched
169.png,20250424-CbDRC2-p001-m2x_F01_copy.TIF,C_briggsae,ED3102,DMSO,20250424_Cbriggsae_DRC2,L4_curly/wavy,matched
170.png,20250424-CbDRC2-p002-m2x_E01_copy.TIF,C_briggsae,VX34,DMSO,20250424_Cbriggsae_DRC2,L4_curly/wavy,matched
171.png,20250424-CbDRC2-p003-m2x_E01_copy.TIF,C_briggsae,PB420,DMSO,20250424_Cbriggsae_DRC2,L4_curly/wavy,matched
172.png,20250424-CbDRC2-p004-m2x_E01_copy.TIF,C_briggsae,VX34,DMSO,20250424_Cbriggsae_DRC2,L4_curly/wavy,matched
173.png,20250424-CbDRC2-p006-m2x_E01_copy.TIF,C_briggsae,ECA2666,DMSO,20250424_Cbriggsae_DRC2,L4_circles,matched
174.png,20250424-CbDRC2-p007-m2x_D01_copy.TIF,C_briggsae,ECA2666,DMSO,20250424_Cbriggsae_DRC2,L4_circles,matched
175.png,20250424-CbDRC2-p008-m2x_E01_copy.TIF,C_briggsae,ECA2666,DMSO,20250424_Cbriggsae_DRC2,L4_circles,matched
176.png,20250424-CbDRC2-p009-m2x_D01_copy.TIF,C_briggsae,ECA2666,DMSO,20250424_Cbriggsae_DRC2,L4_circles,matched
177.png,20250424-CbDRC2-p010-m2x_E01_copy.TIF,C_briggsae,ECA2666,DMSO,20250424_Cbriggsae_DRC2,L4_circles,matched
178.png,p01-growth-H01-2X_A01.TIF,C_elegans,N2,na,growth_L1_Hour1,L1,matched
179.png,p01-growth-H01-2X_A02.TIF,C_elegans,N2,na,growth_L1_Hour1,L1,matched
180.png,p01-growth-H01-2X_A03.TIF,C_elegans,N2,na,growth_L1_Hour1,L1,matched
181.png,p01-growth-H01-2X_A04.TIF,C_elegans,N2,na,growth_L1_Hour1,L1,matched
182.png,p01-growth-H01-2X_A05.TIF,C_elegans,N2,na,growth_L1_Hour1,L1,matched
183.png,p01-growth-H01-2X_A06.TIF,C_elegans,N2,na,growth_L1_Hour1,L1,matched
184.png,p01-growth-H01-2X_A07.TIF,C_elegans,N2,na,growth_L1_Hour1,L1,matched
185.png,p01-growth-H01-2X_A08.TIF,C_elegans,N2,na,growth_L1_Hour1,L1,matched
186.png,p01-growth-H01-2X_A09.TIF,C_elegans,N2,na,growth_L1_Hour1,L1,matched
189.png,p01-growth-H01-2X_B01.TIF,C_elegans,N2,na,growth_L1_Hour1,L1,matched
190.png,p01-growth-H01-2X_B02.TIF,C_elegans,N2,na,growth_L1_Hour1,L1,matched
191.png,p01-growth-H01-2X_B03.TIF,C_elegans,N2,na,growth_L1_Hour1,L1,matched
192.png,p01-growth-H01-2X_B04.TIF,C_elegans,N2,na,growth_L1_Hour1,L1,matched
197.png,p01-growth-H01-2X_B09.TIF,C_elegans,N2,na,growth_L1_Hour1,L1,matched
198.png,p01-growth-H01-2X_B10.TIF,C_elegans,N2,,,,manual_override
199.png,p01-growth-H01-2X_B11.TIF,C_elegans,N2,na,growth_L1_Hour1,L1,matched
200.png,p15-growth-H15-2X_A01.TIF,C_elegans,N2,na,growth_L2L3_Hour15,L2_L3_straight,matched
201.png,p15-growth-H15-2X_A02.TIF,C_elegans,N2,na,growth_L2L3_Hour15,L2_L3_straight,matched
202.png,p15-growth-H15-2X_A03.TIF,C_elegans,N2,na,growth_L2L3_Hour15,L2_L3_straight,matched
203.png,p15-growth-H15-2X_A04.TIF,C_elegans,N2,na,growth_L2L3_Hour15,L2_L3_straight,matched
204.png,p15-growth-H15-2X_A05.TIF,C_elegans,N2,na,growth_L2L3_Hour15,L2_L3_straight,matched
207.png,p15-growth-H15-2X_A08.TIF,C_elegans,N2,na,growth_L2L3_Hour15,L2_L3_straight,matched
209.png,p15-growth-H15-2X_A10.TIF,C_elegans,N2,na,growth_L2L3_Hour15,L2_L3_straight,matched
210.png,p15-growth-H15-2X_A11.TIF,C_elegans,N2,na,growth_L2L3_Hour15,L2_L3_straight,matched
211.png,p15-growth-H15-2X_B01.TIF,C_elegans,N2,na,growth_L2L3_Hour15,L2_L3_straight,matched
212.png,p15-growth-H15-2X_B02.TIF,C_elegans,N2,na,growth_L2L3_Hour15,L2_L3_straight,matched
213.png,p15-growth-H15-2X_B03.TIF,C_elegans,N2,na,growth_L2L3_Hour15,L2_L3_straight,matched
214.png,p15-growth-H15-2X_B04.TIF,C_elegans,N2,na,growth_L2L3_Hour15,L2_L3_straight,matched
215.png,p15-growth-H15-2X_B05.TIF,C_elegans,N2,na,growth_L2L3_Hour15,L2_L3_straight,matched
216.png,p15-growth-H15-2X_B06.TIF,C_elegans,N2,na,growth_L2L3_Hour15,L2_L3_straight,matched
218.png,p15-growth-H15-2X_B08.TIF,C_elegans,N2,na,growth_L2L3_Hour15,L2_L3_straight,matched
219.png,p15-growth-H15-2X_B09.TIF,C_elegans,N2,na,growth_L2L3_Hour15,L2_L3_straight,matched
220.png,p15-growth-H15-2X_B10.TIF,C_elegans,N2,na,growth_L2L3_Hour15,L2_L3_straight,matched
222.png,p37-growth-H37-2X_A01.TIF,C_elegans,N2,na,growth_L4_Hour37,L4_straight,matched
225.png,p37-growth-H37-2X_A04.TIF,C_elegans,N2,na,growth_L4_Hour37,L4_straight,matched
226.png,p37-growth-H37-2X_A05.TIF,C_elegans,N2,na,growth_L4_Hour37,L4_straight,matched
227.png,p37-growth-H37-2X_A06.TIF,C_elegans,N2,na,growth_L4_Hour37,L4_straight,matched
228.png,p37-growth-H37-2X_A07.TIF,C_elegans,N2,na,growth_L4_Hour37,L4_straight,matched
229.png,p37-growth-H37-2X_A08.TIF,C_elegans,N2,na,growth_L4_Hour37,L4_straight,matched
230.png,p37-growth-H37-2X_A09.TIF,C_elegans,N2,na,growth_L4_Hour37,L4_straight,matched
231.png,p37-growth-H37-2X_A10.TIF,C_elegans,N2,na,growth_L4_Hour37,L4_straight,matched
232.png,p37-growth-H37-2X_A11.TIF,C_elegans,N2,na,growth_L4_Hour37,L4_straight,matched
233.png,p37-growth-H37-2X_B01.TIF,C_elegans,N2,na,growth_L4_Hour37,L4_straight,matched
234.png,p37-growth-H37-2X_B02.TIF,C_elegans,N2,na,growth_L4_Hour37,L4_straight,matched
235.png,p37-growth-H37-2X_B03.TIF,C_elegans,N2,na,growth_L4_Hour37,L4_straight,matched
236.png,p37-growth-H37-2X_B04.TIF,C_elegans,N2,na,growth_L4_Hour37,L4_straight,matched
237.png,p37-growth-H37-2X_B05.TIF,C_elegans,N2,na,growth_L4_Hour37,L4_straight,matched
239.png,p37-growth-H37-2X_B07.TIF,C_elegans,N2,na,growth_L4_Hour37,L4_straight,matched
240.png,p37-growth-H37-2X_B08.TIF,C_elegans,N2,na,growth_L4_Hour37,L4_straight,matched
241.png,p37-growth-H37-2X_B09.TIF,C_elegans,N2,na,growth_L4_Hour37,L4_straight,matched
243.png,p37-growth-H37-2X_B11.TIF,C_elegans,N2,na,growth_L4_Hour37,L4_straight,matched
244.png,p49-growth-H49-2X_A01.TIF,C_elegans,N2,na,growth_Adult_Hour49,adult,matched
245.png,p49-growth-H49-2X_A02.TIF,C_elegans,N2,na,growth_Adult_Hour49,adult,matched
246.png,p49-growth-H49-2X_A03.TIF,C_elegans,N2,na,growth_Adult_Hour49,adult,matched
247.png,p49-growth-H49-2X_A04.TIF,C_elegans,N2,na,growth_Adult_Hour49,adult,matched
248.png,p49-growth-H49-2X_A05.TIF,C_elegans,N2,na,growth_Adult_Hour49,adult,matched
250.png,p49-growth-H49-2X_A07.TIF,C_elegans,N2,na,growth_Adult_Hour49,adult,matched
251.png,p49-growth-H49-2X_A08.TIF,C_elegans,N2,na,growth_Adult_Hour49,adult,matched
252.png,p49-growth-H49-2X_A09.TIF,C_elegans,N2,na,growth_Adult_Hour49,adult,matched
253.png,p49-growth-H49-2X_A10.TIF,C_elegans,N2,na,growth_Adult_Hour49,adult,matched
254.png,p49-growth-H49-2X_A11.TIF,C_elegans,N2,na,growth_Adult_Hour49,adult,matched
255.png,p49-growth-H49-2X_B01.TIF,C_elegans,N2,na,growth_Adult_Hour49,adult,matched
256.png,p49-growth-H49-2X_B02.TIF,C_elegans,N2,na,growth_Adult_Hour49,adult,matched
257.png,p49-growth-H49-2X_B03.TIF,C_elegans,N2,na,growth_Adult_Hour49,adult,matched
258.png,p49-growth-H49-2X_B04.TIF,C_elegans,N2,na,growth_Adult_Hour49,adult,matched
259.png,p49-growth-H49-2X_B05.TIF,C_elegans,N2,na,growth_Adult_Hour49,adult,matched
260.png,p49-growth-H49-2X_B06.TIF,C_elegans,N2,na,growth_Adult_Hour49,adult,matched
261.png,p49-growth-H49-2X_B07.TIF,C_elegans,N2,na,growth_Adult_Hour49,adult,matched
262.png,p49-growth-H49-2X_B08.TIF,C_elegans,N2,na,growth_Adult_Hour49,adult,matched
263.png,p49-growth-H49-2X_B09.TIF,C_elegans,N2,na,growth_Adult_Hour49,adult,matched
264.png,p49-growth-H49-2X_B10.TIF,C_elegans,N2,na,growth_Adult_Hour49,adult,matched
265.png,p49-growth-H49-2X_B11.TIF,C_elegans,N2,na,growth_Adult_Hour49,adult,matched
