human_file,computer_file,iou,length_um_human,width_um_human,length_um_computer,width_um_computer,length_diff_um,width_diff_um,abs_length_diff_um,abs_width_diff_um
92_png.rf.80ea001d686c323f4ac8f2ee5ef69ad9_roi_27.png,92_png.rf.80ea001d686c323f4ac8f2ee5ef69ad9_roi_14.png,0.95652174949646,892.1410373988051,39.4119201981374,897.331652105503,39.97377464388466,5.190614706697943,0.5618544457472581,5.190614706697943,0.5618544457472581
92_png.rf.80ea001d686c323f4ac8f2ee5ef69ad9_roi_19.png,92_png.rf.80ea001d686c323f4ac8f2ee5ef69ad9_roi_8.png,0.9553518891334534,906.2111217940308,40.02663103730993,917.1376555761084,40.27877588506583,10.926533782077627,0.2521448477559005,10.926533782077627,0.2521448477559005
118_png.rf.55a01e17df553b816f0981b14bd0a2fa_roi_33.png,118_png.rf.55a01e17df553b816f0981b14bd0a2fa_roi_36.png,0.9509202241897583,643.2768846724472,38.47539829077544,632.0088099539502,38.680330079626295,-11.268074718497019,0.20493178885085683,11.268074718497019,0.20493178885085683
79_png.rf.5ec9f077f4d5af0f3ab029d7283bba4e_roi_8.png,79_png.rf.5ec9f077f4d5af0f3ab029d7283bba4e_roi_51.png,0.950812041759491,643.8030572149022,36.099346302594256,631.2678414950294,36.61077646159519,-12.535215719872781,0.5114301590009305,12.535215719872781,0.5114301590009305
247_png.rf.cd7f216bffe054fe21ad783946e169c5_roi_4.png,247_png.rf.cd7f216bffe054fe21ad783946e169c5_roi_18.png,0.9495472311973572,915.097767939596,45.2444139357048,921.4239810020488,45.065825686166846,6.32621306245278,-0.1785882495379525,6.32621306245278,0.1785882495379525
98_png.rf.b77e65e183c8314ed4d321b2e0970f1f_roi_26.png,98_png.rf.b77e65e183c8314ed4d321b2e0970f1f_roi_8.png,0.9494830369949341,897.0475997509493,40.28855817274869,892.4316188976172,41.280741761006986,-4.615980853332076,0.9921835882582997,4.615980853332076,0.9921835882582997
100_png.rf.93dbb301c4dc91fe8173d8a0a7f2dd5b_roi_26.png,100_png.rf.93dbb301c4dc91fe8173d8a0a7f2dd5b_roi_9.png,0.9488808512687683,847.5919533471691,42.97767886863653,814.3139174701946,43.21152179206713,-33.27803587697451,0.23384292343060054,33.27803587697451,0.23384292343060054
92_png.rf.80ea001d686c323f4ac8f2ee5ef69ad9_roi_26.png,92_png.rf.80ea001d686c323f4ac8f2ee5ef69ad9_roi_28.png,0.9484504461288452,848.120678152367,41.29462223368159,841.560640238259,41.7678960667362,-6.560037914107966,0.4732738330546127,6.560037914107966,0.4732738330546127
79_png.rf.5ec9f077f4d5af0f3ab029d7283bba4e_roi_9.png,79_png.rf.5ec9f077f4d5af0f3ab029d7283bba4e_roi_58.png,0.9472954273223877,620.1437190971401,37.08188351966248,633.8705848078549,36.93439584525807,13.726865710714833,-0.14748767440441668,13.726865710714833,0.14748767440441668
139_png.rf.b31bb426801c1937eccc9821dfe61214_roi_17.png,139_png.rf.b31bb426801c1937eccc9821dfe61214_roi_28.png,0.9455897212028503,802.7920281694844,39.47241714616522,783.1393964616515,41.090319701448855,-19.65263170783294,1.617902555283635,19.65263170783294,1.617902555283635
19_png.rf.aabc4ba10a41d7686e6d12be86adbf62_roi_1.png,19_png.rf.aabc4ba10a41d7686e6d12be86adbf62_roi_7.png,0.9448633193969727,675.6736932078995,33.863832605980406,670.7716051939685,33.95477618380765,-4.902088013931007,0.09094357782724671,4.902088013931007,0.09094357782724671
106_png.rf.573a9b71c29129dbc83682319da248b9_roi_25.png,106_png.rf.573a9b71c29129dbc83682319da248b9_roi_9.png,0.9442105293273926,808.9174371400325,38.04183054570824,805.7348390444289,38.11819463640306,-3.1825980956035664,0.07636409069482397,3.1825980956035664,0.07636409069482397
244_png.rf.5bcc8a2e036202b828c2fe7081b01a74_roi_1.png,244_png.rf.5bcc8a2e036202b828c2fe7081b01a74_roi_7.png,0.942825436592102,893.1130647671224,42.77657729632307,899.0409070111899,43.54130563249258,5.927842244067506,0.7647283361695116,5.927842244067506,0.7647283361695116
255_png.rf.de47ae0ea94061f8b83dcd6f7f61b6d8_roi_39.png,255_png.rf.de47ae0ea94061f8b83dcd6f7f61b6d8_roi_16.png,0.9421746134757996,905.3719204331207,53.29913097666813,895.9314742503933,53.12258591986203,-9.440446182727442,-0.17654505680609844,9.440446182727442,0.17654505680609844
254_png.rf.ab63b13be5cc38585431fc95c5897dfe_roi_7.png,254_png.rf.ab63b13be5cc38585431fc95c5897dfe_roi_34.png,0.94096839427948,978.6138393484208,50.56938130236508,962.1553781240158,49.30884256107269,-16.458461224405028,-1.2605387412923932,16.458461224405028,1.2605387412923932
118_png.rf.55a01e17df553b816f0981b14bd0a2fa_roi_23.png,118_png.rf.55a01e17df553b816f0981b14bd0a2fa_roi_16.png,0.940825879573822,623.3368484736384,41.05346698511002,625.3835363500433,39.70448456564022,2.046687876404917,-1.3489824194697988,2.046687876404917,1.3489824194697988
154_png.rf.14ad9631fdb98926098b64b2cc23b499_roi_28.png,154_png.rf.14ad9631fdb98926098b64b2cc23b499_roi_17.png,0.9402220249176025,583.7637559701087,42.5510812216288,595.4920015124083,42.53992123593313,11.728245542299533,-0.011159985695670116,11.728245542299533,0.011159985695670116
112_png.rf.6c97f0189ea80fec5eb32c7787ddafbc_roi_25.png,112_png.rf.6c97f0189ea80fec5eb32c7787ddafbc_roi_35.png,0.9391343593597412,632.2667472096659,36.66807678645204,651.2468757923644,36.99193905248974,18.980128582698512,0.3238622660377004,18.980128582698512,0.3238622660377004
91_png.rf.0a273fe102d97aae48f032d48b5a851a_roi_18.png,91_png.rf.0a273fe102d97aae48f032d48b5a851a_roi_15.png,0.9384335279464722,765.9289133062026,38.91144340058912,779.2712336355588,37.42939373641235,13.342320329356198,-1.4820496641767704,13.342320329356198,1.4820496641767704
91_png.rf.0a273fe102d97aae48f032d48b5a851a_roi_1.png,91_png.rf.0a273fe102d97aae48f032d48b5a851a_roi_53.png,0.9381957650184631,778.8834558916793,36.04888676452303,783.2357483497995,35.33268199301286,4.352292458120132,-0.7162047715101707,4.352292458120132,0.7162047715101707
255_png.rf.de47ae0ea94061f8b83dcd6f7f61b6d8_roi_33.png,255_png.rf.de47ae0ea94061f8b83dcd6f7f61b6d8_roi_7.png,0.9377810955047607,944.3867086296722,59.31930527495273,965.5388350014556,59.87710533000206,21.152126371783424,0.5578000550493272,21.152126371783424,0.5578000550493272
243_png.rf.8c7fbde9cf1c100bd9391051c6f812ca_roi_15.png,243_png.rf.8c7fbde9cf1c100bd9391051c6f812ca_roi_46.png,0.9376401901245117,690.3956722726011,34.858674162752884,673.4353348711364,35.14066006531451,-16.9603374014647,0.2819859025616296,16.9603374014647,0.2819859025616296
257_png.rf.d0e9b62c92e89f70b1ab6feac50e3c89_roi_50.png,257_png.rf.d0e9b62c92e89f70b1ab6feac50e3c89_roi_54.png,0.9374259114265442,977.2187449269284,46.40163304954392,966.1744042838668,46.49740501628182,-11.04434064306156,0.09577196673789956,11.04434064306156,0.09577196673789956
79_png.rf.5ec9f077f4d5af0f3ab029d7283bba4e_roi_50.png,79_png.rf.5ec9f077f4d5af0f3ab029d7283bba4e_roi_5.png,0.9360199570655823,663.5766411210456,38.333040327428186,683.4987824101559,37.96645708144033,19.9221412891103,-0.3665832459878544,19.9221412891103,0.3665832459878544
262_png.rf.cef87c6dea9381c0e5718daeb9450039_roi_29.png,262_png.rf.cef87c6dea9381c0e5718daeb9450039_roi_49.png,0.9359104633331299,894.3684231076015,46.26854136094172,899.8269713063028,47.19693185545848,5.458548198701237,0.928390494516762,5.458548198701237,0.928390494516762
251_png.rf.03356d60d75e295fd05c7ad26b5ea07d_roi_66.png,251_png.rf.03356d60d75e295fd05c7ad26b5ea07d_roi_59.png,0.9358943700790405,958.1321464429158,45.99095181658749,953.704291203376,47.17159838797672,-4.427855239539781,1.1806465713892322,4.427855239539781,1.1806465713892322
90_png.rf.69bdac2f8992d8d3ebf3226c61ad2bd5_roi_35.png,90_png.rf.69bdac2f8992d8d3ebf3226c61ad2bd5_roi_44.png,0.935413658618927,742.5913723650369,38.94160198280132,771.203175309535,38.75550612367858,28.611802944498095,-0.1860958591227444,28.611802944498095,0.1860958591227444
104_png.rf.eb19faafbed5983b0cba70b7a044d4b2_roi_17.png,104_png.rf.eb19faafbed5983b0cba70b7a044d4b2_roi_10.png,0.934798002243042,799.1475723979584,38.00502176582593,823.0782265030284,36.32395792817002,23.93065410507006,-1.6810638376559126,23.93065410507006,1.6810638376559126
255_png.rf.de47ae0ea94061f8b83dcd6f7f61b6d8_roi_38.png,255_png.rf.de47ae0ea94061f8b83dcd6f7f61b6d8_roi_18.png,0.9347586631774902,893.6362457123382,53.34680379467751,913.531498689634,53.45006080662636,19.89525297729574,0.10325701194884829,19.89525297729574,0.10325701194884829
256_png.rf.18d3c3ddc6e345fc5391481cf087f656_roi_44.png,256_png.rf.18d3c3ddc6e345fc5391481cf087f656_roi_9.png,0.9335283041000366,866.1458484211189,45.55480163006983,890.430557289521,45.45597445116315,24.28470886840205,-0.09882717890668147,24.28470886840205,0.09882717890668147
247_png.rf.cd7f216bffe054fe21ad783946e169c5_roi_37.png,247_png.rf.cd7f216bffe054fe21ad783946e169c5_roi_0.png,0.9332721829414368,988.850961119216,47.09545850202309,969.0182779649332,48.10261975907873,-19.83268315428279,1.0071612570556354,19.83268315428279,1.0071612570556354
104_png.rf.eb19faafbed5983b0cba70b7a044d4b2_roi_4.png,104_png.rf.eb19faafbed5983b0cba70b7a044d4b2_roi_14.png,0.9320276379585266,817.3342139399433,34.16129184307495,784.1867702966998,35.37966711887943,-33.14744364324349,1.2183752758044832,33.14744364324349,1.2183752758044832
139_png.rf.b31bb426801c1937eccc9821dfe61214_roi_4.png,139_png.rf.b31bb426801c1937eccc9821dfe61214_roi_30.png,0.9312775135040283,899.3641000986893,39.573905843849545,890.4684030479991,41.44898247048637,-8.89569705069016,1.875076626636826,8.89569705069016,1.875076626636826
229_png.rf.0a8a9bb02d7daec0c27ae2c90fa82242_roi_44.png,229_png.rf.0a8a9bb02d7daec0c27ae2c90fa82242_roi_16.png,0.9311594367027283,684.8688154343757,35.134220915235325,672.0736079503116,34.68568060503026,-12.795207484064122,-0.44854031020506824,12.795207484064122,0.44854031020506824
251_png.rf.03356d60d75e295fd05c7ad26b5ea07d_roi_9.png,251_png.rf.03356d60d75e295fd05c7ad26b5ea07d_roi_24.png,0.9305885434150696,931.7950861755714,41.87158074395212,944.9037326186552,44.353234504209794,13.108646443083785,2.4816537602576716,13.108646443083785,2.4816537602576716
100_png.rf.93dbb301c4dc91fe8173d8a0a7f2dd5b_roi_33.png,100_png.rf.93dbb301c4dc91fe8173d8a0a7f2dd5b_roi_43.png,0.9302456974983215,868.0692578703603,44.171840370695975,863.9752924900279,43.50941258407228,-4.093965380332406,-0.6624277866236952,4.093965380332406,0.6624277866236952
256_png.rf.18d3c3ddc6e345fc5391481cf087f656_roi_19.png,256_png.rf.18d3c3ddc6e345fc5391481cf087f656_roi_27.png,0.9299652576446533,887.076666927231,43.93179446186035,917.2002825791986,45.0685412411,30.12361565196761,1.136746779239651,30.12361565196761,1.136746779239651
263_png.rf.97c0ded9ac82af60867b2c23dec561ec_roi_30.png,263_png.rf.97c0ded9ac82af60867b2c23dec561ec_roi_4.png,0.9279816746711731,1013.694104651533,44.97109190738375,1001.448122548726,46.8631659963452,-12.245982102807034,1.8920740889614507,12.245982102807034,1.8920740889614507
116_png.rf.31f3bd809826aa89c4df5b576dde5220_roi_38.png,116_png.rf.31f3bd809826aa89c4df5b576dde5220_roi_34.png,0.9279121160507202,593.0279257764623,41.11616310574778,585.9446010302562,41.00450160516852,-7.083324746206131,-0.11166150057925961,7.083324746206131,0.11166150057925961
79_png.rf.5ec9f077f4d5af0f3ab029d7283bba4e_roi_56.png,79_png.rf.5ec9f077f4d5af0f3ab029d7283bba4e_roi_36.png,0.9279012084007263,653.5404178847846,33.38457239125548,650.1311266446647,33.548606062693004,-3.409291240119842,0.16403367143752234,3.409291240119842,0.16403367143752234
116_png.rf.31f3bd809826aa89c4df5b576dde5220_roi_44.png,116_png.rf.31f3bd809826aa89c4df5b576dde5220_roi_46.png,0.9278209209442139,600.4519338262533,38.10139700970458,593.8155966542764,40.07847892401618,-6.636337171976834,1.9770819143116043,6.636337171976834,1.9770819143116043
93_png.rf.b21584f50d6c3347de640ab82eae1dee_roi_40.png,93_png.rf.b21584f50d6c3347de640ab82eae1dee_roi_15.png,0.9274641871452332,845.3216532640004,42.04284196048325,860.64208835479,42.62036746584899,15.320435090789601,0.5775255053657418,15.320435090789601,0.5775255053657418
243_png.rf.8c7fbde9cf1c100bd9391051c6f812ca_roi_13.png,243_png.rf.8c7fbde9cf1c100bd9391051c6f812ca_roi_68.png,0.927294909954071,756.9303416167367,34.67494929623433,752.3343729655566,34.63006969616769,-4.595968651180101,-0.04487960006664338,4.595968651180101,0.04487960006664338
156_png.rf.6120be0c3a28f4801b0a45145ce1e961_roi_17.png,156_png.rf.6120be0c3a28f4801b0a45145ce1e961_roi_38.png,0.9272648096084595,628.2930975362443,38.49237732828319,610.6597375616851,40.09335203926679,-17.6333599745592,1.6009747109836,17.6333599745592,1.6009747109836
145_png.rf.cb189c4b5913bc8fcb53703f1d06d8fa_roi_26.png,145_png.rf.cb189c4b5913bc8fcb53703f1d06d8fa_roi_13.png,0.9271157383918762,824.1195204769498,37.91424370037922,810.2641696290123,37.64020910112431,-13.85535084793753,-0.2740345992549038,13.85535084793753,0.2740345992549038
89_png.rf.9d3e334f7c5cb93bc20089fb52688222_roi_25.png,89_png.rf.9d3e334f7c5cb93bc20089fb52688222_roi_6.png,0.926945686340332,722.2858382872147,38.86581574128453,720.2460884246685,41.06229103618556,-2.0397498625461594,2.1964752949010347,2.0397498625461594,2.1964752949010347
128_png.rf.bff9aea834e0f8c141fb97e07d16c917_roi_6.png,128_png.rf.bff9aea834e0f8c141fb97e07d16c917_roi_44.png,0.9265000224113464,590.9003975806717,35.90965024438845,595.6226504637099,35.99871856023811,4.722252883038209,0.08906831584965857,4.722252883038209,0.08906831584965857
256_png.rf.18d3c3ddc6e345fc5391481cf087f656_roi_16.png,256_png.rf.18d3c3ddc6e345fc5391481cf087f656_roi_16.png,0.9264230728149414,938.336189361348,44.136207157539744,942.3327056085112,46.25986847730339,3.9965162471631857,2.1236613197636487,3.9965162471631857,2.1236613197636487
222_png.rf.c9e88a8b6a45618da2a9b9652689a52a_roi_14.png,222_png.rf.c9e88a8b6a45618da2a9b9652689a52a_roi_16.png,0.9260948896408081,737.6671166057822,32.03189295535154,730.2943117202251,31.706365236513484,-7.372804885557116,-0.3255277188380532,7.372804885557116,0.3255277188380532
226_png.rf.3dd9a667ea244e78747dc6de8261ffbf_roi_39.png,226_png.rf.3dd9a667ea244e78747dc6de8261ffbf_roi_13.png,0.9260355234146118,722.2681135692424,35.067983930338954,717.9841217390004,34.6333768285423,-4.283991830241916,-0.43460710179665085,4.283991830241916,0.43460710179665085
256_png.rf.18d3c3ddc6e345fc5391481cf087f656_roi_48.png,256_png.rf.18d3c3ddc6e345fc5391481cf087f656_roi_52.png,0.9256055355072021,956.2202508401176,44.18789994365783,950.49893838988,46.56257938203624,-5.721312450237633,2.374679438378408,5.721312450237633,2.374679438378408
251_png.rf.03356d60d75e295fd05c7ad26b5ea07d_roi_35.png,251_png.rf.03356d60d75e295fd05c7ad26b5ea07d_roi_62.png,0.9248391389846802,911.895492297592,44.63182165748015,927.6848765496596,45.47536804456311,15.789384252067634,0.8435463870829594,15.789384252067634,0.8435463870829594
90_png.rf.69bdac2f8992d8d3ebf3226c61ad2bd5_roi_34.png,90_png.rf.69bdac2f8992d8d3ebf3226c61ad2bd5_roi_19.png,0.9245421290397644,718.4540125843318,39.65626403672485,757.7582586775875,39.112497133344455,39.30424609325564,-0.5437669033803942,39.30424609325564,0.5437669033803942
110_png.rf.f1695d5abb6a86459ef7744b76a07589_roi_20.png,110_png.rf.f1695d5abb6a86459ef7744b76a07589_roi_35.png,0.9242709279060364,603.3717166404629,36.28345576604692,600.2689408081218,39.09250430663813,-3.102775832341081,2.8090485405912133,3.102775832341081,2.8090485405912133
125_png.rf.0cd17c5aff1f4162dfb2c73cb9991f3e_roi_12.png,125_png.rf.0cd17c5aff1f4162dfb2c73cb9991f3e_roi_7.png,0.9241803288459778,750.1513828919234,41.250186401129376,782.7884462271985,40.1500456325262,32.637063335275116,-1.1001407686031754,32.637063335275116,1.1001407686031754
97_png.rf.f4e8ad3bada447eb1ef57ab4eee50c1f_roi_18.png,97_png.rf.f4e8ad3bada447eb1ef57ab4eee50c1f_roi_16.png,0.9241207242012024,855.9984932693551,43.1166664271418,885.5798230122365,44.88606858821671,29.581329742881394,1.7694021610749076,29.581329742881394,1.7694021610749076
62_png.rf.beb309695495d75acd96567a6b6510bc_roi_27.png,62_png.rf.beb309695495d75acd96567a6b6510bc_roi_18.png,0.924115777015686,542.0430873854468,29.32283910940261,550.1173545337239,31.20735074492408,8.074267148277045,1.88451163552147,8.074267148277045,1.88451163552147
31_png.rf.8c44aa894a4794a3b8219900d8410790_roi_17.png,31_png.rf.8c44aa894a4794a3b8219900d8410790_roi_7.png,0.9239700436592102,732.7835108832929,37.83617287705667,767.0749233341141,37.91645618967631,34.29141245082121,0.08028331261964183,34.29141245082121,0.08028331261964183
99_png.rf.2f98932bb0145b858dd8d04d300acba8_roi_41.png,99_png.rf.2f98932bb0145b858dd8d04d300acba8_roi_27.png,0.9238148927688599,838.2285511829676,43.58619372239636,886.5188900105561,44.04004625762353,48.29033882758847,0.4538525352271705,48.29033882758847,0.4538525352271705
112_png.rf.6c97f0189ea80fec5eb32c7787ddafbc_roi_7.png,112_png.rf.6c97f0189ea80fec5eb32c7787ddafbc_roi_60.png,0.9235473871231079,647.1942850515219,37.63708845255342,632.5733354245764,37.68731120219859,-14.620949626945503,0.05022274964517237,14.620949626945503,0.05022274964517237
231_png.rf.f3e62932017a5371d12e33973c57f95b_roi_33.png,231_png.rf.f3e62932017a5371d12e33973c57f95b_roi_38.png,0.9229995012283325,628.4481082574666,33.53906223584743,623.6085481793699,34.01637060364436,-4.839560078096724,0.47730836779692964,4.839560078096724,0.47730836779692964
90_png.rf.69bdac2f8992d8d3ebf3226c61ad2bd5_roi_36.png,90_png.rf.69bdac2f8992d8d3ebf3226c61ad2bd5_roi_28.png,0.922773003578186,712.0625350829038,42.19714560646662,718.1764884067948,40.07013807348237,6.113953323890996,-2.1270075329842513,6.113953323890996,2.1270075329842513
219_png.rf.1cea427249122e68a431e56275cd8513_roi_25.png,219_png.rf.1cea427249122e68a431e56275cd8513_roi_31.png,0.9219380617141724,366.59162148498376,21.42778176010097,365.2339833772079,21.79711120249252,-1.3576381077758697,0.36932944239154963,1.3576381077758697,0.36932944239154963
231_png.rf.f3e62932017a5371d12e33973c57f95b_roi_52.png,231_png.rf.f3e62932017a5371d12e33973c57f95b_roi_3.png,0.921875,647.3784214592022,31.242131959210774,640.2826382004876,32.41469261594536,-7.095783258714619,1.1725606567345892,7.095783258714619,1.1725606567345892
120_png.rf.4511382e2372fd66448504ae75698502_roi_38.png,120_png.rf.4511382e2372fd66448504ae75698502_roi_23.png,0.9207991361618042,736.7891651422266,39.72247704810114,721.3089947263492,41.27231913858812,-15.48017041587741,1.549842090486976,15.48017041587741,1.549842090486976
262_png.rf.cef87c6dea9381c0e5718daeb9450039_roi_39.png,262_png.rf.cef87c6dea9381c0e5718daeb9450039_roi_58.png,0.9202384352684021,862.0048163737126,41.960134400601085,858.1149926659313,44.90396742417583,-3.8898237077813747,2.943833023574747,3.8898237077813747,2.943833023574747
110_png.rf.f1695d5abb6a86459ef7744b76a07589_roi_16.png,110_png.rf.f1695d5abb6a86459ef7744b76a07589_roi_5.png,0.919889509677887,665.4070066557025,35.72734987456681,636.7774505574274,34.74670643107083,-28.62955609827509,-0.9806434434959854,28.62955609827509,0.9806434434959854
251_png.rf.03356d60d75e295fd05c7ad26b5ea07d_roi_13.png,251_png.rf.03356d60d75e295fd05c7ad26b5ea07d_roi_4.png,0.9194769263267517,1009.3824868559916,45.167350277943584,998.2458787304342,47.50850291874998,-11.136608125557359,2.341152640806399,11.136608125557359,2.341152640806399
103_png.rf.b9743a889c7194da0b8dce5c5b632bbc_roi_9.png,103_png.rf.b9743a889c7194da0b8dce5c5b632bbc_roi_30.png,0.9192716479301453,849.8124211396544,41.76624310293643,840.7320833748203,40.86057034519686,-9.080337764834098,-0.9056727577395662,9.080337764834098,0.9056727577395662
255_png.rf.de47ae0ea94061f8b83dcd6f7f61b6d8_roi_22.png,255_png.rf.de47ae0ea94061f8b83dcd6f7f61b6d8_roi_11.png,0.9187279343605042,889.9083657378027,52.45683108119061,893.8455760897514,54.66698991281847,3.9372103519486927,2.210158831627865,3.9372103519486927,2.210158831627865
89_png.rf.9d3e334f7c5cb93bc20089fb52688222_roi_27.png,89_png.rf.9d3e334f7c5cb93bc20089fb52688222_roi_34.png,0.9181982278823853,724.7643097960212,39.670906006295205,737.2359174804611,40.85016947675189,12.47160768443996,1.1792634704566822,12.47160768443996,1.1792634704566822
90_png.rf.69bdac2f8992d8d3ebf3226c61ad2bd5_roi_38.png,90_png.rf.69bdac2f8992d8d3ebf3226c61ad2bd5_roi_17.png,0.9181265830993652,722.2416121552704,41.66980284149828,736.1600181082529,39.39121416865758,13.918405952982425,-2.278588672840705,13.918405952982425,2.278588672840705
263_png.rf.97c0ded9ac82af60867b2c23dec561ec_roi_31.png,263_png.rf.97c0ded9ac82af60867b2c23dec561ec_roi_24.png,0.9181233048439026,861.5652231890975,38.90196593199292,843.6725432738729,41.80047792220943,-17.892679915224676,2.8985119902165124,17.892679915224676,2.8985119902165124
105_png.rf.2038c199fbe085aed32df6eb357079f4_roi_0.png,105_png.rf.2038c199fbe085aed32df6eb357079f4_roi_22.png,0.9177746772766113,823.3038320530529,36.53530456407809,839.1572617703795,36.68334724384829,15.853429717326549,0.14804267977019947,15.853429717326549,0.14804267977019947
100_png.rf.93dbb301c4dc91fe8173d8a0a7f2dd5b_roi_30.png,100_png.rf.93dbb301c4dc91fe8173d8a0a7f2dd5b_roi_40.png,0.9171904921531677,883.9201077390443,43.04588412102434,877.1173655815194,45.20049032964979,-6.802742157524904,2.154606208625445,6.802742157524904,2.154606208625445
154_png.rf.14ad9631fdb98926098b64b2cc23b499_roi_27.png,154_png.rf.14ad9631fdb98926098b64b2cc23b499_roi_6.png,0.9169254899024963,482.9121256277549,27.37900109016772,489.8338559660948,28.71546225099294,6.9217303383398985,1.3364611608252197,6.9217303383398985,1.3364611608252197
222_png.rf.c9e88a8b6a45618da2a9b9652689a52a_roi_34.png,222_png.rf.c9e88a8b6a45618da2a9b9652689a52a_roi_45.png,0.9168636798858643,759.4445025061916,36.85134194812354,753.2993997003157,35.84205810683548,-6.145102805875922,-1.0092838412880596,6.145102805875922,1.0092838412880596
96_png.rf.5e3968fff8f9f8fdab30c8f999334f6f_roi_34.png,96_png.rf.5e3968fff8f9f8fdab30c8f999334f6f_roi_21.png,0.9162881374359131,861.1020511895894,36.32247057139225,890.681810747602,37.81791418692539,29.579759558012597,1.4954436155331408,29.579759558012597,1.4954436155331408
231_png.rf.f3e62932017a5371d12e33973c57f95b_roi_25.png,231_png.rf.f3e62932017a5371d12e33973c57f95b_roi_60.png,0.9154394268989563,712.379291819854,30.770829766794844,713.5027906924598,31.39459570507583,1.1234988726058646,0.6237659382809859,1.1234988726058646,0.6237659382809859
229_png.rf.0a8a9bb02d7daec0c27ae2c90fa82242_roi_3.png,229_png.rf.0a8a9bb02d7daec0c27ae2c90fa82242_roi_9.png,0.9153996109962463,754.2663652740705,35.60358722106878,765.8820646255587,35.68365650558884,11.61569935148816,0.08006928452006434,11.61569935148816,0.08006928452006434
237_png.rf.8ad467db9f17529916aeaeca083f306e_roi_42.png,237_png.rf.8ad467db9f17529916aeaeca083f306e_roi_1.png,0.9148848652839661,750.045195299592,34.60597698110046,746.3422486509384,34.59873304033965,-3.702946648653665,-0.007243940760808698,3.702946648653665,0.007243940760808698
121_png.rf.49e7ff8713556ad7cc37d311e25762ea_roi_21.png,121_png.rf.49e7ff8713556ad7cc37d311e25762ea_roi_0.png,0.9148573875427246,759.9075732390917,31.612873046674576,757.0461991578837,34.28244545107455,-2.8613740812079413,2.6695724043999753,2.8613740812079413,2.6695724043999753
231_png.rf.f3e62932017a5371d12e33973c57f95b_roi_15.png,231_png.rf.f3e62932017a5371d12e33973c57f95b_roi_80.png,0.9145673513412476,630.1657097715283,30.61806162016113,622.9453174837831,30.74663969766135,-7.220392287745199,0.12857807750022232,7.220392287745199,0.12857807750022232
239_png.rf.4ed938c80d208d81f455a7bd2caf1cca_roi_56.png,239_png.rf.4ed938c80d208d81f455a7bd2caf1cca_roi_44.png,0.914487361907959,704.0457121809822,35.8172423111542,710.6041999017494,35.76600697455551,6.558487720767289,-0.05123533659869395,6.558487720767289,0.05123533659869395
251_png.rf.03356d60d75e295fd05c7ad26b5ea07d_roi_32.png,251_png.rf.03356d60d75e295fd05c7ad26b5ea07d_roi_7.png,0.9144563674926758,988.6113305880144,43.82869204928173,1007.8152705339892,45.32363018424087,19.203939945974753,1.494938134959142,19.203939945974753,1.494938134959142
101_png.rf.c4bf71f43d058b555a715c3e9695be8b_roi_10.png,101_png.rf.c4bf71f43d058b555a715c3e9695be8b_roi_43.png,0.9141256809234619,859.2439693023035,38.95932215554161,835.5164136284798,41.0643165183786,-23.72755567382376,2.1049943628369903,23.72755567382376,2.1049943628369903
128_png.rf.bff9aea834e0f8c141fb97e07d16c917_roi_22.png,128_png.rf.bff9aea834e0f8c141fb97e07d16c917_roi_15.png,0.9139941930770874,562.7580751342575,37.636209662228936,577.5322634428729,38.5334872767454,14.774188308615408,0.8972776145164616,14.774188308615408,0.8972776145164616
97_png.rf.f4e8ad3bada447eb1ef57ab4eee50c1f_roi_37.png,97_png.rf.f4e8ad3bada447eb1ef57ab4eee50c1f_roi_23.png,0.9135922193527222,843.4838347812403,37.18353208188096,846.7940992273735,40.14644664755945,3.31026444613326,2.9629145656784885,3.31026444613326,2.9629145656784885
55_png.rf.5513469446ec6f819ff77d98dcf354ec_roi_6.png,55_png.rf.5513469446ec6f819ff77d98dcf354ec_roi_8.png,0.9131054282188416,503.4805332929733,29.730082577856223,503.9064003760973,28.823002857227237,0.4258670831239897,-0.9070797206289853,0.4258670831239897,0.9070797206289853
226_png.rf.3dd9a667ea244e78747dc6de8261ffbf_roi_22.png,226_png.rf.3dd9a667ea244e78747dc6de8261ffbf_roi_12.png,0.9123665690422058,700.3883841587133,33.852633119302176,716.6127801583816,32.94607893905036,16.22439599966833,-0.9065541802518169,16.22439599966833,0.9065541802518169
115_png.rf.4e7d2dcc137306ce0a4845f84fae0b70_roi_21.png,115_png.rf.4e7d2dcc137306ce0a4845f84fae0b70_roi_28.png,0.9120509028434753,750.3847650543839,36.55712376847341,719.7176606992007,40.05169893846884,-30.667104355183255,3.4945751699954286,30.667104355183255,3.4945751699954286
91_png.rf.0a273fe102d97aae48f032d48b5a851a_roi_49.png,91_png.rf.0a273fe102d97aae48f032d48b5a851a_roi_26.png,0.9119373559951782,790.6124645346664,39.32490297550376,825.8379331322827,41.19240539484366,35.22546859761633,1.8675024193398997,35.22546859761633,1.8675024193398997
250_png.rf.3d136a274e571f9bc36e359db02aa816_roi_14.png,250_png.rf.3d136a274e571f9bc36e359db02aa816_roi_33.png,0.9113923907279968,889.8469613214809,52.89125704701075,952.1034927209344,48.28903017597815,62.25653139945348,-4.602226871032599,62.25653139945348,4.602226871032599
103_png.rf.b9743a889c7194da0b8dce5c5b632bbc_roi_36.png,103_png.rf.b9743a889c7194da0b8dce5c5b632bbc_roi_18.png,0.9109609127044678,874.3132021380366,41.82196153302904,886.3623365830318,40.97507441422292,12.049134444995275,-0.8468871188061229,12.049134444995275,0.8468871188061229
239_png.rf.4ed938c80d208d81f455a7bd2caf1cca_roi_58.png,239_png.rf.4ed938c80d208d81f455a7bd2caf1cca_roi_40.png,0.9108808040618896,764.4579158221914,39.90082825847596,762.8247527102583,40.01433068998281,-1.6331631119330723,0.11350243150685202,1.6331631119330723,0.11350243150685202
92_png.rf.80ea001d686c323f4ac8f2ee5ef69ad9_roi_40.png,92_png.rf.80ea001d686c323f4ac8f2ee5ef69ad9_roi_35.png,0.9106908440589905,905.257436329774,42.95663548756988,908.0944830512263,45.92801954474777,2.8370467214523387,2.971384057177886,2.8370467214523387,2.971384057177886
243_png.rf.8c7fbde9cf1c100bd9391051c6f812ca_roi_64.png,243_png.rf.8c7fbde9cf1c100bd9391051c6f812ca_roi_23.png,0.9102333784103394,711.514876822909,34.40584480145812,725.1718008795651,31.359148959270573,13.65692405665618,-3.0466958421875496,13.65692405665618,3.0466958421875496
222_png.rf.c9e88a8b6a45618da2a9b9652689a52a_roi_8.png,222_png.rf.c9e88a8b6a45618da2a9b9652689a52a_roi_30.png,0.9098474383354187,658.5662899813598,33.85002455838996,686.3517795710886,34.06786055561435,27.785489589728854,0.21783599722439106,27.785489589728854,0.21783599722439106
113_png.rf.e3028a1dab303081c21db80950b8398c_roi_4.png,113_png.rf.e3028a1dab303081c21db80950b8398c_roi_21.png,0.909028947353363,753.3541980923694,41.059777186078506,738.4525352376626,41.961997818215366,-14.901662854706842,0.90222063213686,14.901662854706842,0.90222063213686
263_png.rf.97c0ded9ac82af60867b2c23dec561ec_roi_69.png,263_png.rf.97c0ded9ac82af60867b2c23dec561ec_roi_11.png,0.9086644649505615,946.6755924977824,38.98449515480088,952.8277197258784,41.46647594763545,6.152127228095992,2.4819807928345696,6.152127228095992,2.4819807928345696
128_png.rf.bff9aea834e0f8c141fb97e07d16c917_roi_32.png,128_png.rf.bff9aea834e0f8c141fb97e07d16c917_roi_17.png,0.9082387685775757,573.7236195056987,36.04619194379151,596.239591711911,37.01463134100804,22.51597220621227,0.9684393972165282,22.51597220621227,0.9684393972165282
226_png.rf.3dd9a667ea244e78747dc6de8261ffbf_roi_46.png,226_png.rf.3dd9a667ea244e78747dc6de8261ffbf_roi_17.png,0.9068265557289124,726.1116851024551,32.18188401009341,685.8342295534851,32.53072482993202,-40.27745554897001,0.3488408198386068,40.27745554897001,0.3488408198386068
251_png.rf.03356d60d75e295fd05c7ad26b5ea07d_roi_21.png,251_png.rf.03356d60d75e295fd05c7ad26b5ea07d_roi_56.png,0.9056742787361145,1021.2552193341436,41.40610219860069,1025.1181938100524,42.373045915753366,3.8629744759088,0.9669437171526738,3.8629744759088,0.9669437171526738
90_png.rf.69bdac2f8992d8d3ebf3226c61ad2bd5_roi_37.png,90_png.rf.69bdac2f8992d8d3ebf3226c61ad2bd5_roi_27.png,0.9052098393440247,719.1453707445629,41.44369955222309,736.427872374166,38.39308821982876,17.282501629603075,-3.0506113323943254,17.282501629603075,3.0506113323943254
257_png.rf.d0e9b62c92e89f70b1ab6feac50e3c89_roi_47.png,257_png.rf.d0e9b62c92e89f70b1ab6feac50e3c89_roi_45.png,0.9049285650253296,817.3659781162777,43.49571343397333,845.2477527241406,43.04151696839362,27.881774607862894,-0.45419646557970594,27.881774607862894,0.45419646557970594
124_png.rf.144d1a960a56ef39d10c4e62e12a454f_roi_8.png,124_png.rf.144d1a960a56ef39d10c4e62e12a454f_roi_16.png,0.9039812684059143,554.3942014528118,31.73761281098668,550.6213760600635,33.46191517354929,-3.7728253927482456,1.7243023625626144,3.7728253927482456,1.7243023625626144
260_png.rf.6224abc499ca7b65a43aa371685b6fef_roi_6.png,260_png.rf.6224abc499ca7b65a43aa371685b6fef_roi_4.png,0.9038189649581909,1070.6656779403022,42.32819846312789,1028.1480972125444,42.8967154516542,-42.51758072775783,0.5685169885263122,42.51758072775783,0.5685169885263122
252_png.rf.a4b084dc500978b10c8730046675dde5_roi_14.png,252_png.rf.a4b084dc500978b10c8730046675dde5_roi_17.png,0.9037227034568787,873.3466422074924,45.10881708928886,885.7224257737645,47.85250900465663,12.375783566272048,2.7436919153677692,12.375783566272048,2.7436919153677692
99_png.rf.2f98932bb0145b858dd8d04d300acba8_roi_40.png,99_png.rf.2f98932bb0145b858dd8d04d300acba8_roi_38.png,0.9035167098045349,792.1651924613624,42.784315866992905,873.6396179809982,41.45277898954696,81.47442551963582,-1.3315368774459486,81.47442551963582,1.3315368774459486
146_png.rf.6ba5197b14cc019df1f46cda73230bd2_roi_17.png,146_png.rf.6ba5197b14cc019df1f46cda73230bd2_roi_31.png,0.9034560322761536,737.8753981765938,36.68995050550009,766.0539887067121,38.01584433080177,28.1785905301183,1.3258938253016765,28.1785905301183,1.3258938253016765
114_png.rf.82ce6f7cb0b6f79807e0efb6891ebbad_roi_23.png,114_png.rf.82ce6f7cb0b6f79807e0efb6891ebbad_roi_0.png,0.9032815098762512,786.4696390803107,38.16550081834321,791.0418627408144,38.885011046843545,4.57222366050371,0.719510228500333,4.57222366050371,0.719510228500333
96_png.rf.5e3968fff8f9f8fdab30c8f999334f6f_roi_8.png,96_png.rf.5e3968fff8f9f8fdab30c8f999334f6f_roi_25.png,0.902796745300293,799.3172011887048,36.53164202150688,839.8550652397867,38.24210790015659,40.5378640510819,1.710465878649707,40.5378640510819,1.710465878649707
257_png.rf.d0e9b62c92e89f70b1ab6feac50e3c89_roi_48.png,257_png.rf.d0e9b62c92e89f70b1ab6feac50e3c89_roi_3.png,0.9027742147445679,939.7485313691772,45.95269087727909,920.1957151624946,43.21250172664844,-19.552816206682564,-2.7401891506306484,19.552816206682564,2.7401891506306484
89_png.rf.9d3e334f7c5cb93bc20089fb52688222_roi_30.png,89_png.rf.9d3e334f7c5cb93bc20089fb52688222_roi_12.png,0.9027581214904785,772.9489159878034,36.89519396615869,766.5386098233521,39.91455495629042,-6.410306164451299,3.019360990131723,6.410306164451299,3.019360990131723
231_png.rf.f3e62932017a5371d12e33973c57f95b_roi_22.png,231_png.rf.f3e62932017a5371d12e33973c57f95b_roi_70.png,0.9021973013877869,699.8118125344754,33.53098889599987,703.3624887660787,35.80417657751066,3.5506762316033473,2.273187681510791,3.5506762316033473,2.273187681510791
96_png.rf.5e3968fff8f9f8fdab30c8f999334f6f_roi_33.png,96_png.rf.5e3968fff8f9f8fdab30c8f999334f6f_roi_18.png,0.9015296101570129,849.7290438137211,36.947087652158935,876.2690414536775,39.38872595144117,26.53999763995637,2.441638299282232,26.53999763995637,2.441638299282232
264_png.rf.f8da8bde90d3daadf33eaf8fc654bb43_roi_34.png,264_png.rf.f8da8bde90d3daadf33eaf8fc654bb43_roi_38.png,0.9013012647628784,931.263303174417,43.999490636057686,966.3150405881928,46.26594557033175,35.051737413775754,2.2664549342740656,35.051737413775754,2.2664549342740656
79_png.rf.5ec9f077f4d5af0f3ab029d7283bba4e_roi_16.png,79_png.rf.5ec9f077f4d5af0f3ab029d7283bba4e_roi_52.png,0.9010189175605774,586.1718475135347,35.77598094840822,621.0015184802542,36.36840809421077,34.829670966719505,0.592427145802553,34.829670966719505,0.592427145802553
231_png.rf.f3e62932017a5371d12e33973c57f95b_roi_50.png,231_png.rf.f3e62932017a5371d12e33973c57f95b_roi_16.png,0.9006410241127014,773.828985572554,34.34463547367235,794.617239057742,33.22129694367284,20.78825348518808,-1.1233385299995078,20.78825348518808,1.1233385299995078
101_png.rf.c4bf71f43d058b555a715c3e9695be8b_roi_29.png,101_png.rf.c4bf71f43d058b555a715c3e9695be8b_roi_8.png,0.9004024267196655,826.204993018367,36.046376226982765,831.3287962477034,39.24256239490557,5.123803229336431,3.1961861679228036,5.123803229336431,3.1961861679228036
99_png.rf.2f98932bb0145b858dd8d04d300acba8_roi_39.png,99_png.rf.2f98932bb0145b858dd8d04d300acba8_roi_32.png,0.8998914957046509,861.115483825866,43.01437417213791,890.8541745798572,45.63504435430419,29.738690753991136,2.620670182166279,29.738690753991136,2.620670182166279
254_png.rf.ab63b13be5cc38585431fc95c5897dfe_roi_41.png,254_png.rf.ab63b13be5cc38585431fc95c5897dfe_roi_26.png,0.8998085260391235,667.8021573735399,50.60119366557606,691.0291577876384,45.67643962600828,23.227000414098484,-4.92475403956778,23.227000414098484,4.92475403956778
90_png.rf.69bdac2f8992d8d3ebf3226c61ad2bd5_roi_40.png,90_png.rf.69bdac2f8992d8d3ebf3226c61ad2bd5_roi_26.png,0.899653971195221,700.5201173745859,39.13726182082494,738.4417654019359,36.6579697435393,37.92164802734999,-2.479292077285642,37.92164802734999,2.479292077285642
125_png.rf.0cd17c5aff1f4162dfb2c73cb9991f3e_roi_14.png,125_png.rf.0cd17c5aff1f4162dfb2c73cb9991f3e_roi_34.png,0.8995063304901123,754.7859342757204,40.433637579874606,778.6606265861287,37.526592819909965,23.874692310408363,-2.9070447599646414,23.874692310408363,2.9070447599646414
127_png.rf.f5998eff46ab9c23d70c90ea9d4ca09a_roi_1.png,127_png.rf.f5998eff46ab9c23d70c90ea9d4ca09a_roi_23.png,0.8994544148445129,737.865623476194,34.7353669084615,759.3604940610619,37.167228237424816,21.494870584867954,2.431861328963315,21.494870584867954,2.431861328963315
253_png.rf.c5ce7acb6522efe044f32dfc3817bd83_roi_29.png,253_png.rf.c5ce7acb6522efe044f32dfc3817bd83_roi_34.png,0.8992185592651367,898.7863532977107,42.61893412100604,905.1244394489354,43.39021893155317,6.338086151224729,0.7712848105471295,6.338086151224729,0.7712848105471295
222_png.rf.c9e88a8b6a45618da2a9b9652689a52a_roi_13.png,222_png.rf.c9e88a8b6a45618da2a9b9652689a52a_roi_37.png,0.8988461494445801,741.1132313773833,35.304733208476755,771.7742109957301,37.30445516523363,30.6609796183468,1.999721956756872,30.6609796183468,1.999721956756872
231_png.rf.f3e62932017a5371d12e33973c57f95b_roi_14.png,231_png.rf.f3e62932017a5371d12e33973c57f95b_roi_72.png,0.8985313773155212,740.254570154851,31.62399363278856,724.8367087046921,32.516214949673646,-15.417861450158853,0.8922213168850845,15.417861450158853,0.8922213168850845
230_png.rf.9c37ef11d073f07a9d9b8aed22734e6a_roi_57.png,230_png.rf.9c37ef11d073f07a9d9b8aed22734e6a_roi_41.png,0.8984792232513428,783.0904257509993,33.03953397191075,776.2645765702856,32.2414245976404,-6.825849180713703,-0.7981093742703464,6.825849180713703,0.7981093742703464
91_png.rf.0a273fe102d97aae48f032d48b5a851a_roi_22.png,91_png.rf.0a273fe102d97aae48f032d48b5a851a_roi_31.png,0.8984375,801.1685536252719,37.26132947707119,794.2729733728501,40.72196962127163,-6.895580252421837,3.4606401442004397,6.895580252421837,3.4606401442004397
257_png.rf.d0e9b62c92e89f70b1ab6feac50e3c89_roi_45.png,257_png.rf.d0e9b62c92e89f70b1ab6feac50e3c89_roi_46.png,0.898250162601471,746.8920289748822,43.24946552377566,751.2402658600881,43.77439604588218,4.348236885205893,0.5249305221065157,4.348236885205893,0.5249305221065157
252_png.rf.a4b084dc500978b10c8730046675dde5_roi_27.png,252_png.rf.a4b084dc500978b10c8730046675dde5_roi_29.png,0.8979591727256775,931.0757191031656,49.3116401775723,937.022088238689,46.7190923450484,5.946369135523355,-2.5925478325238984,5.946369135523355,2.5925478325238984
101_png.rf.c4bf71f43d058b555a715c3e9695be8b_roi_50.png,101_png.rf.c4bf71f43d058b555a715c3e9695be8b_roi_36.png,0.8978275656700134,809.9181110837252,37.33957348561248,811.2389067709645,39.02741926386423,1.320795687239297,1.6878457782517486,1.320795687239297,1.6878457782517486
125_png.rf.0cd17c5aff1f4162dfb2c73cb9991f3e_roi_11.png,125_png.rf.0cd17c5aff1f4162dfb2c73cb9991f3e_roi_29.png,0.8977536559104919,750.195674161583,34.5932949292584,757.2029565263676,37.17123018500292,7.007282364784601,2.5779352557445208,7.007282364784601,2.5779352557445208
231_png.rf.f3e62932017a5371d12e33973c57f95b_roi_66.png,231_png.rf.f3e62932017a5371d12e33973c57f95b_roi_77.png,0.8975188732147217,762.8637985109509,38.69380225598815,794.3260863367987,35.97543519290719,31.46228782584774,-2.7183670630809615,31.46228782584774,2.7183670630809615
128_png.rf.bff9aea834e0f8c141fb97e07d16c917_roi_30.png,128_png.rf.bff9aea834e0f8c141fb97e07d16c917_roi_46.png,0.8975085020065308,512.819031438551,35.55524857854363,529.6247559107067,35.81604741832241,16.805724472155703,0.26079883977877927,16.805724472155703,0.26079883977877927
243_png.rf.8c7fbde9cf1c100bd9391051c6f812ca_roi_8.png,243_png.rf.8c7fbde9cf1c100bd9391051c6f812ca_roi_53.png,0.8974359035491943,699.0000619229527,29.87000458540156,685.925967677802,31.77441138781263,-13.074094245150718,1.9044068024110707,13.074094245150718,1.9044068024110707
141_png.rf.491e5a4c500bc47a609e08980408d66c_roi_2.png,141_png.rf.491e5a4c500bc47a609e08980408d66c_roi_16.png,0.8971922397613525,611.7894646755248,39.39752098385364,608.1181960472525,39.79605657403732,-3.671268628272287,0.398535590183684,3.671268628272287,0.398535590183684
251_png.rf.03356d60d75e295fd05c7ad26b5ea07d_roi_31.png,251_png.rf.03356d60d75e295fd05c7ad26b5ea07d_roi_10.png,0.8969217538833618,965.560194702561,37.32342765144455,965.9983530698812,39.88414531097288,0.4381583673201703,2.5607176595283363,0.4381583673201703,2.5607176595283363
250_png.rf.3d136a274e571f9bc36e359db02aa816_roi_36.png,250_png.rf.3d136a274e571f9bc36e359db02aa816_roi_12.png,0.8968276381492615,922.209687096479,38.25771781341437,932.3328288204564,40.42962234993683,10.123141723977369,2.1719045365224616,10.123141723977369,2.1719045365224616
101_png.rf.c4bf71f43d058b555a715c3e9695be8b_roi_7.png,101_png.rf.c4bf71f43d058b555a715c3e9695be8b_roi_23.png,0.8967840671539307,837.4545237981501,39.35663181243846,825.5427727385561,43.00796001685424,-11.911751059594053,3.6513282044157833,11.911751059594053,3.6513282044157833
228_png.rf.d1fd4c8e9e77befd108d882d963bd834_roi_27.png,228_png.rf.d1fd4c8e9e77befd108d882d963bd834_roi_22.png,0.896411657333374,764.961840039825,42.05828266884371,764.130637552755,38.5428355351521,-0.8312024870699588,-3.515447133691609,0.8312024870699588,3.515447133691609
231_png.rf.f3e62932017a5371d12e33973c57f95b_roi_82.png,231_png.rf.f3e62932017a5371d12e33973c57f95b_roi_28.png,0.895915150642395,764.7298613364297,36.14234719718576,733.458689884625,35.11249352767894,-31.271171451804776,-1.0298536695068137,31.271171451804776,1.0298536695068137
129_png.rf.61b7c9fa0db10241e1b256d4f4a66143_roi_19.png,129_png.rf.61b7c9fa0db10241e1b256d4f4a66143_roi_33.png,0.89577716588974,600.7930810191534,37.18867303265044,612.2027467472224,40.84423824003229,11.409665728068944,3.655565207381848,11.409665728068944,3.655565207381848
96_png.rf.5e3968fff8f9f8fdab30c8f999334f6f_roi_9.png,96_png.rf.5e3968fff8f9f8fdab30c8f999334f6f_roi_26.png,0.8951789736747742,774.0261746878799,35.08360322909445,804.3500490432988,37.23883544542403,30.323874355418866,2.15523221632958,30.323874355418866,2.15523221632958
243_png.rf.8c7fbde9cf1c100bd9391051c6f812ca_roi_16.png,243_png.rf.8c7fbde9cf1c100bd9391051c6f812ca_roi_45.png,0.8948330879211426,693.3516616340369,31.983846300983995,722.0092401614514,32.54918609784231,28.657578527414557,0.5653397968583143,28.657578527414557,0.5653397968583143
240_png.rf.839be34bb458cbb7c7ae6a0a072b9ed8_roi_47.png,240_png.rf.839be34bb458cbb7c7ae6a0a072b9ed8_roi_16.png,0.8946145176887512,724.2332291823911,38.352685336165,743.5652635651368,35.1120090356977,19.332034382745633,-3.2406763004672996,19.332034382745633,3.2406763004672996
144_png.rf.a5a2a2c438edbf198ffa6a10f317e83d_roi_8.png,144_png.rf.a5a2a2c438edbf198ffa6a10f317e83d_roi_26.png,0.8942746520042419,760.4440608061228,38.55082404862136,797.2650252453475,38.17643026938201,36.82096443922467,-0.37439377923934813,36.82096443922467,0.37439377923934813
264_png.rf.f8da8bde90d3daadf33eaf8fc654bb43_roi_50.png,264_png.rf.f8da8bde90d3daadf33eaf8fc654bb43_roi_13.png,0.8936499953269958,911.4829147658736,43.99322253210049,910.5700020216937,44.72167950834519,-0.9129127441799483,0.7284569762447006,0.9129127441799483,0.7284569762447006
251_png.rf.03356d60d75e295fd05c7ad26b5ea07d_roi_52.png,251_png.rf.03356d60d75e295fd05c7ad26b5ea07d_roi_65.png,0.8936327695846558,933.2558549477808,43.08958672075074,970.5966406400652,45.58849463556405,37.340785692284385,2.4989079148133087,37.340785692284385,2.4989079148133087
231_png.rf.f3e62932017a5371d12e33973c57f95b_roi_37.png,231_png.rf.f3e62932017a5371d12e33973c57f95b_roi_75.png,0.8933440446853638,744.9975123539069,33.76985485673168,731.829980813826,37.19905634067254,-13.167531540080972,3.429201483940858,13.167531540080972,3.429201483940858
236_png.rf.7b7b373f783cbd53921330e6ea3b821b_roi_14.png,236_png.rf.7b7b373f783cbd53921330e6ea3b821b_roi_41.png,0.8930269479751587,748.2141305235123,33.875134295500594,744.5566707462981,37.0715454728095,-3.6574597772141715,3.196411177308903,3.6574597772141715,3.196411177308903
107_png.rf.6215e321ee35ac2198cab08ebff50b91_roi_1.png,107_png.rf.6215e321ee35ac2198cab08ebff50b91_roi_28.png,0.8930169939994812,722.9149076263017,32.73336000248509,758.8566219608483,30.72269057875071,35.941714334546646,-2.010669423734381,35.941714334546646,2.010669423734381
231_png.rf.f3e62932017a5371d12e33973c57f95b_roi_45.png,231_png.rf.f3e62932017a5371d12e33973c57f95b_roi_25.png,0.8914944529533386,734.8384227751509,34.86271608059364,735.5492015771034,36.44862333433857,0.7107788019525287,1.585907253744928,0.7107788019525287,1.585907253744928
82_png.rf.78a828637d0fdf11d14f1d4b7920f8d0_roi_5.png,82_png.rf.78a828637d0fdf11d14f1d4b7920f8d0_roi_37.png,0.8913043737411499,573.2504435550433,32.649388470763576,564.781116799756,36.6938973723677,-8.469326755287284,4.044508901604125,8.469326755287284,4.044508901604125
11_png.rf.06e04b9b157f1751a682bb1ea3aaf986_roi_2.png,11_png.rf.06e04b9b157f1751a682bb1ea3aaf986_roi_19.png,0.8912591338157654,645.0495957358855,30.10932910121153,656.6164825987569,31.600872561593263,11.566886862871343,1.4915434603817346,11.566886862871343,1.4915434603817346
257_png.rf.d0e9b62c92e89f70b1ab6feac50e3c89_roi_7.png,257_png.rf.d0e9b62c92e89f70b1ab6feac50e3c89_roi_19.png,0.8910614252090454,929.8661006191091,46.5333739430398,908.543563919798,42.664502853496806,-21.322536699311172,-3.868871089542992,21.322536699311172,3.868871089542992
116_png.rf.31f3bd809826aa89c4df5b576dde5220_roi_2.png,116_png.rf.31f3bd809826aa89c4df5b576dde5220_roi_15.png,0.8899676203727722,620.2669340610615,43.3387432545753,619.6328957729917,39.40652455548706,-0.6340382880698598,-3.9322186990882386,0.6340382880698598,3.9322186990882386
237_png.rf.8ad467db9f17529916aeaeca083f306e_roi_46.png,237_png.rf.8ad467db9f17529916aeaeca083f306e_roi_12.png,0.8892011046409607,711.6000972283626,36.09165950251352,719.0446455237643,36.41130943196239,7.44454829540166,0.3196499294488646,7.44454829540166,0.3196499294488646
104_png.rf.eb19faafbed5983b0cba70b7a044d4b2_roi_23.png,104_png.rf.eb19faafbed5983b0cba70b7a044d4b2_roi_12.png,0.8886430859565735,837.5742471290066,35.373629189033714,833.3736774756035,32.969330091042856,-4.200569653403136,-2.404299097990858,4.200569653403136,2.404299097990858
149_png.rf.4dfa00beb57e9649962221eb0b15f710_roi_9.png,149_png.rf.4dfa00beb57e9649962221eb0b15f710_roi_3.png,0.8879342675209045,717.7216794445351,37.83280573681496,731.6932554847314,38.99273987182375,13.971576040196283,1.1599341350087897,13.971576040196283,1.1599341350087897
128_png.rf.bff9aea834e0f8c141fb97e07d16c917_roi_10.png,128_png.rf.bff9aea834e0f8c141fb97e07d16c917_roi_35.png,0.8877659440040588,564.3057269283713,33.502173168018714,564.9852055436695,35.90833338655991,0.6794786152981942,2.4061602185411957,0.6794786152981942,2.4061602185411957
145_png.rf.cb189c4b5913bc8fcb53703f1d06d8fa_roi_9.png,145_png.rf.cb189c4b5913bc8fcb53703f1d06d8fa_roi_8.png,0.8874364495277405,752.2592074473524,38.05510157655642,774.1464015761724,37.25126354496405,21.887194128819942,-0.8038380315923703,21.887194128819942,0.8038380315923703
239_png.rf.4ed938c80d208d81f455a7bd2caf1cca_roi_55.png,239_png.rf.4ed938c80d208d81f455a7bd2caf1cca_roi_60.png,0.8872424960136414,751.3590799757344,37.72144465362116,759.3321259783396,39.51821249448214,7.9730460026052015,1.79676784086098,7.9730460026052015,1.79676784086098
90_png.rf.69bdac2f8992d8d3ebf3226c61ad2bd5_roi_33.png,90_png.rf.69bdac2f8992d8d3ebf3226c61ad2bd5_roi_24.png,0.8872101306915283,724.1502552409247,42.30686019656191,758.0165131235531,37.85371907757725,33.86625788262836,-4.453141118984654,33.86625788262836,4.453141118984654
227_png.rf.296b6ab312f6933dc130b671797b1a69_roi_16.png,227_png.rf.296b6ab312f6933dc130b671797b1a69_roi_26.png,0.8868932127952576,703.4512927734471,29.06599943465856,697.5473575268287,31.86453582563641,-5.903935246618403,2.798536390977848,5.903935246618403,2.798536390977848
236_png.rf.7b7b373f783cbd53921330e6ea3b821b_roi_42.png,236_png.rf.7b7b373f783cbd53921330e6ea3b821b_roi_0.png,0.8864400386810303,734.3292226320652,38.38727661046645,736.4739752368861,37.62419941656622,2.1447526048208374,-0.7630771939002301,2.1447526048208374,0.7630771939002301
126_png.rf.83f4d29ee84bd0966ec6d1b6d6836ac1_roi_35.png,126_png.rf.83f4d29ee84bd0966ec6d1b6d6836ac1_roi_24.png,0.8861439228057861,766.3158545290153,36.14932564825907,787.1818751803322,38.63510541860273,20.866020651316944,2.4857797703436546,20.866020651316944,2.4857797703436546
140_png.rf.18ec71dd3e97ae820fb4e7753bfbec3e_roi_1.png,140_png.rf.18ec71dd3e97ae820fb4e7753bfbec3e_roi_13.png,0.8861293196678162,564.4290633720917,40.869617243720526,562.3043478830613,37.9497094825909,-2.12471548903045,-2.919907761129629,2.12471548903045,2.919907761129629
125_png.rf.0cd17c5aff1f4162dfb2c73cb9991f3e_roi_40.png,125_png.rf.0cd17c5aff1f4162dfb2c73cb9991f3e_roi_31.png,0.8858731389045715,770.5359398579154,41.02265204213855,783.4639566716845,40.822626193411374,12.92801681376909,-0.20002584872717932,12.92801681376909,0.20002584872717932
91_png.rf.0a273fe102d97aae48f032d48b5a851a_roi_15.png,91_png.rf.0a273fe102d97aae48f032d48b5a851a_roi_42.png,0.8855975270271301,768.3394398219947,37.98699346761886,781.1612922363691,42.30612769726227,12.821852414374462,4.31913422964341,12.821852414374462,4.31913422964341
113_png.rf.e3028a1dab303081c21db80950b8398c_roi_33.png,113_png.rf.e3028a1dab303081c21db80950b8398c_roi_42.png,0.8841995000839233,774.8433439348067,37.86946691721954,814.9735803543296,37.17446581841646,40.13023641952282,-0.6950010988030826,40.13023641952282,0.6950010988030826
156_png.rf.6120be0c3a28f4801b0a45145ce1e961_roi_34.png,156_png.rf.6120be0c3a28f4801b0a45145ce1e961_roi_33.png,0.8839209079742432,602.9399798956109,39.75764257249463,574.9041203283655,42.24726089450049,-28.03585956724544,2.4896183220058603,28.03585956724544,2.4896183220058603
96_png.rf.5e3968fff8f9f8fdab30c8f999334f6f_roi_0.png,96_png.rf.5e3968fff8f9f8fdab30c8f999334f6f_roi_51.png,0.8834574222564697,796.4788247661606,38.068701914800606,823.6159819198361,41.130006532862986,27.137157153675503,3.0613046180623797,27.137157153675503,3.0613046180623797
18_png.rf.8dc36dd51f5ef8f7f16f7f069f027de6_roi_6.png,18_png.rf.8dc36dd51f5ef8f7f16f7f069f027de6_roi_7.png,0.8828078508377075,590.4065637382866,27.980855560099528,597.3186752450348,30.732887093527594,6.912111506748147,2.7520315334280667,6.912111506748147,2.7520315334280667
231_png.rf.f3e62932017a5371d12e33973c57f95b_roi_84.png,231_png.rf.f3e62932017a5371d12e33973c57f95b_roi_54.png,0.8826406002044678,674.7300028314073,37.28939593380132,671.4483157524191,38.55894600737929,-3.2816870789881705,1.2695500735779675,3.2816870789881705,1.2695500735779675
114_png.rf.82ce6f7cb0b6f79807e0efb6891ebbad_roi_20.png,114_png.rf.82ce6f7cb0b6f79807e0efb6891ebbad_roi_34.png,0.8826056122779846,753.2262517202038,37.65014467349484,723.6253002562838,41.068078091790206,-29.600951463919955,3.4179334182953625,29.600951463919955,3.4179334182953625
229_png.rf.0a8a9bb02d7daec0c27ae2c90fa82242_roi_35.png,229_png.rf.0a8a9bb02d7daec0c27ae2c90fa82242_roi_23.png,0.8824003338813782,752.7449980473622,33.12583076206967,748.7303507403407,35.50458482098436,-4.014647307021505,2.3787540589146943,4.014647307021505,2.3787540589146943
96_png.rf.5e3968fff8f9f8fdab30c8f999334f6f_roi_10.png,96_png.rf.5e3968fff8f9f8fdab30c8f999334f6f_roi_12.png,0.8819188475608826,843.3222596529533,37.50864891032317,886.8557388243975,40.392648425433954,43.53347917144413,2.883999515110787,43.53347917144413,2.883999515110787
103_png.rf.b9743a889c7194da0b8dce5c5b632bbc_roi_40.png,103_png.rf.b9743a889c7194da0b8dce5c5b632bbc_roi_28.png,0.8815789222717285,788.071263285763,37.70497495864565,794.5337825713958,37.89003986943524,6.462519285632766,0.18506491078959186,6.462519285632766,0.18506491078959186
90_png.rf.69bdac2f8992d8d3ebf3226c61ad2bd5_roi_39.png,90_png.rf.69bdac2f8992d8d3ebf3226c61ad2bd5_roi_21.png,0.8811948299407959,777.4003305393225,39.71806230707133,810.6092348101365,37.32320848001997,33.20890427081406,-2.3948538270513566,33.20890427081406,2.3948538270513566
239_png.rf.4ed938c80d208d81f455a7bd2caf1cca_roi_12.png,239_png.rf.4ed938c80d208d81f455a7bd2caf1cca_roi_12.png,0.8807870149612427,749.1289529244115,37.35551283010029,762.038473497317,33.886899043009294,12.909520572905535,-3.4686137870909945,12.909520572905535,3.4686137870909945
96_png.rf.5e3968fff8f9f8fdab30c8f999334f6f_roi_7.png,96_png.rf.5e3968fff8f9f8fdab30c8f999334f6f_roi_54.png,0.8807588219642639,473.66525382652367,22.78840667646368,504.32542214398654,24.14498395632275,30.660168317462876,1.3565772798590707,30.660168317462876,1.3565772798590707
137_png.rf.fb5c25dce1b41853ef65d16e882cdb0b_roi_21.png,137_png.rf.fb5c25dce1b41853ef65d16e882cdb0b_roi_18.png,0.8797427415847778,404.4324422246685,37.3076340403702,432.8543566680948,39.53490070124201,28.421914443426317,2.2272666608718055,28.421914443426317,2.2272666608718055
220_png.rf.b7d10b951713b16798714e30d156baad_roi_17.png,220_png.rf.b7d10b951713b16798714e30d156baad_roi_47.png,0.8787878751754761,432.53504573475584,20.444278653091416,445.5917300489567,20.248727135390357,13.05668431420088,-0.19555151770105894,13.05668431420088,0.19555151770105894
240_png.rf.839be34bb458cbb7c7ae6a0a072b9ed8_roi_38.png,240_png.rf.839be34bb458cbb7c7ae6a0a072b9ed8_roi_32.png,0.8775100111961365,619.8868602566754,35.036096068806614,635.4585172012478,30.95530591353796,15.571656944572396,-4.080790155268655,15.571656944572396,4.080790155268655
241_png.rf.284efb813a510d2e8012ce8856789030_roi_33.png,241_png.rf.284efb813a510d2e8012ce8856789030_roi_23.png,0.8771860003471375,768.13220501543,32.67623547660804,766.1181485938625,35.239910837955335,-2.0140564215674885,2.5636753613472933,2.0140564215674885,2.5636753613472933
102_png.rf.17ecda620c62893042cd19d261c2d15e_roi_38.png,102_png.rf.17ecda620c62893042cd19d261c2d15e_roi_14.png,0.8770610094070435,854.4930022793972,39.2452689401116,889.5997800980226,43.466478406895504,35.10677781862546,4.221209466783904,35.10677781862546,4.221209466783904
252_png.rf.a4b084dc500978b10c8730046675dde5_roi_80.png,252_png.rf.a4b084dc500978b10c8730046675dde5_roi_71.png,0.8770053386688232,659.5148821299671,44.541218895374335,598.1818637490152,48.71945031181596,-61.3330183809519,4.178231416441626,61.3330183809519,4.178231416441626
19_png.rf.aabc4ba10a41d7686e6d12be86adbf62_roi_18.png,19_png.rf.aabc4ba10a41d7686e6d12be86adbf62_roi_15.png,0.8765769004821777,732.1463667435239,40.8864009158604,791.1317423736789,38.74115200189624,58.98537563015498,-2.14524891396416,58.98537563015498,2.14524891396416
241_png.rf.284efb813a510d2e8012ce8856789030_roi_58.png,241_png.rf.284efb813a510d2e8012ce8856789030_roi_41.png,0.8763680458068848,762.3525273602319,31.747388528392428,789.8218148382596,34.17609266615351,27.469287478027695,2.4287041377610805,27.469287478027695,2.4287041377610805
120_png.rf.4511382e2372fd66448504ae75698502_roi_17.png,120_png.rf.4511382e2372fd66448504ae75698502_roi_2.png,0.8757002949714661,780.76518475442,35.88702639356425,778.8559451479767,40.32861392378701,-1.9092396064432933,4.441587530222762,1.9092396064432933,4.441587530222762
127_png.rf.f5998eff46ab9c23d70c90ea9d4ca09a_roi_49.png,127_png.rf.f5998eff46ab9c23d70c90ea9d4ca09a_roi_32.png,0.8753955960273743,732.5020321921653,33.38130808748202,756.4472597418435,36.83031649682356,23.94522754967818,3.4490084093415447,23.94522754967818,3.4490084093415447
107_png.rf.6215e321ee35ac2198cab08ebff50b91_roi_0.png,107_png.rf.6215e321ee35ac2198cab08ebff50b91_roi_10.png,0.873643696308136,811.8828773104591,35.001100402959,820.8677183091597,37.80455662664584,8.984840998700633,2.803456223686844,8.984840998700633,2.803456223686844
129_png.rf.61b7c9fa0db10241e1b256d4f4a66143_roi_39.png,129_png.rf.61b7c9fa0db10241e1b256d4f4a66143_roi_14.png,0.8731117844581604,563.2237516833302,34.506582134076446,577.1042428248178,37.18249261608769,13.880491141487596,2.675910482011247,13.880491141487596,2.675910482011247
149_png.rf.4dfa00beb57e9649962221eb0b15f710_roi_8.png,149_png.rf.4dfa00beb57e9649962221eb0b15f710_roi_20.png,0.8722547292709351,779.9445352360975,35.55289144046246,818.7999432741249,35.15531968572492,38.85540803802735,-0.397571754737541,38.85540803802735,0.397571754737541
141_png.rf.491e5a4c500bc47a609e08980408d66c_roi_16.png,141_png.rf.491e5a4c500bc47a609e08980408d66c_roi_33.png,0.8720095753669739,489.11441954549673,32.40745373653006,520.5418183266539,35.69611149340666,31.427398781157194,3.288657756876603,31.427398781157194,3.288657756876603
113_png.rf.e3028a1dab303081c21db80950b8398c_roi_23.png,113_png.rf.e3028a1dab303081c21db80950b8398c_roi_27.png,0.8719175457954407,743.4695912179051,36.1721178496493,774.542801398497,38.33673506584893,31.0732101805919,2.1646172161996304,31.0732101805919,2.1646172161996304
31_png.rf.8c44aa894a4794a3b8219900d8410790_roi_16.png,31_png.rf.8c44aa894a4794a3b8219900d8410790_roi_14.png,0.8713968992233276,655.7875967751997,37.62948427230874,618.1039363286354,35.403588144503,-37.68366044656432,-2.22589612780574,37.68366044656432,2.22589612780574
226_png.rf.3dd9a667ea244e78747dc6de8261ffbf_roi_30.png,226_png.rf.3dd9a667ea244e78747dc6de8261ffbf_roi_16.png,0.8712235689163208,753.3685820742968,35.68382322730325,755.9012655390375,36.60585093524178,2.5326834647406713,0.9220277079385326,2.5326834647406713,0.9220277079385326
231_png.rf.f3e62932017a5371d12e33973c57f95b_roi_49.png,231_png.rf.f3e62932017a5371d12e33973c57f95b_roi_36.png,0.8707864880561829,784.3550351398266,33.62564872558993,769.5406462575478,37.005502720930494,-14.814388882278763,3.379853995340561,14.814388882278763,3.379853995340561
96_png.rf.5e3968fff8f9f8fdab30c8f999334f6f_roi_32.png,96_png.rf.5e3968fff8f9f8fdab30c8f999334f6f_roi_11.png,0.8706240653991699,828.1758549019307,38.08196860578989,871.5332463519023,41.491558917034446,43.3573914499716,3.409590311244557,43.3573914499716,3.409590311244557
79_png.rf.5ec9f077f4d5af0f3ab029d7283bba4e_roi_14.png,79_png.rf.5ec9f077f4d5af0f3ab029d7283bba4e_roi_35.png,0.870551586151123,638.4689020989154,38.40847396573307,639.1473599317239,37.4489050047938,0.67845783280859,-0.9595689609392721,0.67845783280859,0.9595689609392721
64_png.rf.aead9dbcf2b88c62d80ab0f0b47628db_roi_5.png,64_png.rf.aead9dbcf2b88c62d80ab0f0b47628db_roi_6.png,0.8704761862754822,478.11086554407495,33.90784523945292,548.9160753072978,30.14738739952256,70.80520976322282,-3.760457839930357,70.80520976322282,3.760457839930357
102_png.rf.17ecda620c62893042cd19d261c2d15e_roi_50.png,102_png.rf.17ecda620c62893042cd19d261c2d15e_roi_9.png,0.8703930974006653,861.9700684695617,36.19254634704804,908.0686328071224,39.93213457270566,46.098564337560674,3.73958822565762,46.098564337560674,3.73958822565762
241_png.rf.284efb813a510d2e8012ce8856789030_roi_35.png,241_png.rf.284efb813a510d2e8012ce8856789030_roi_12.png,0.870090663433075,774.5184766305993,34.150140016841334,779.3959589519875,36.81312138770973,4.877482321388243,2.662981370868394,4.877482321388243,2.662981370868394
96_png.rf.5e3968fff8f9f8fdab30c8f999334f6f_roi_15.png,96_png.rf.5e3968fff8f9f8fdab30c8f999334f6f_roi_40.png,0.8692964315414429,878.7550125366909,36.99872525565682,916.7501365429632,40.70502787149909,37.99512400627236,3.7063026158422687,37.99512400627236,3.7063026158422687
145_png.rf.cb189c4b5913bc8fcb53703f1d06d8fa_roi_40.png,145_png.rf.cb189c4b5913bc8fcb53703f1d06d8fa_roi_29.png,0.8690521717071533,688.0979045908467,37.24191146253221,715.6129525755296,39.73148657745923,27.515047984682838,2.489575114927021,27.515047984682838,2.489575114927021
236_png.rf.7b7b373f783cbd53921330e6ea3b821b_roi_9.png,236_png.rf.7b7b373f783cbd53921330e6ea3b821b_roi_7.png,0.8681685328483582,766.8284531267844,30.69339890753846,790.7658614660336,33.189001157944084,23.937408339249146,2.495602250405625,23.937408339249146,2.495602250405625
96_png.rf.5e3968fff8f9f8fdab30c8f999334f6f_roi_36.png,96_png.rf.5e3968fff8f9f8fdab30c8f999334f6f_roi_31.png,0.8663805723190308,844.771603651866,39.64978810984748,896.1556195102792,43.15836874146383,51.384015858413136,3.508580631616354,51.384015858413136,3.508580631616354
63_png.rf.1b23e63a8895068458c0232cd4607ada_roi_0.png,63_png.rf.1b23e63a8895068458c0232cd4607ada_roi_0.png,0.8660877346992493,659.4476554089631,32.541963128251936,703.4845684257829,33.90883687882571,44.03691301681977,1.3668737505737738,44.03691301681977,1.3668737505737738
124_png.rf.144d1a960a56ef39d10c4e62e12a454f_roi_35.png,124_png.rf.144d1a960a56ef39d10c4e62e12a454f_roi_5.png,0.86376953125,593.2698201632288,33.380430130753304,598.8199742968446,37.2421189244471,5.55015413361582,3.8616887936937943,5.55015413361582,3.8616887936937943
112_png.rf.6c97f0189ea80fec5eb32c7787ddafbc_roi_47.png,112_png.rf.6c97f0189ea80fec5eb32c7787ddafbc_roi_36.png,0.8637245297431946,602.7666890904435,34.71210552511896,573.8147851763067,37.52242868533771,-28.95190391413678,2.8103231602187506,28.95190391413678,2.8103231602187506
144_png.rf.a5a2a2c438edbf198ffa6a10f317e83d_roi_25.png,144_png.rf.a5a2a2c438edbf198ffa6a10f317e83d_roi_33.png,0.8635507225990295,730.7823943152399,36.19222027053959,745.2663621810638,38.061180852746006,14.483967865823843,1.8689605822064124,14.483967865823843,1.8689605822064124
252_png.rf.a4b084dc500978b10c8730046675dde5_roi_52.png,252_png.rf.a4b084dc500978b10c8730046675dde5_roi_64.png,0.8632982969284058,930.4641031853558,41.48214035856825,929.4275720009232,44.49452959534026,-1.036531184432647,3.012389236772009,1.036531184432647,3.012389236772009
225_png.rf.26db629c7699dec1072172565f890b48_roi_14.png,225_png.rf.26db629c7699dec1072172565f890b48_roi_38.png,0.8617339134216309,734.5315902169801,36.11849413695727,745.6654534074868,37.80495824486408,11.133863190506645,1.686464107906815,11.133863190506645,1.686464107906815
236_png.rf.7b7b373f783cbd53921330e6ea3b821b_roi_45.png,236_png.rf.7b7b373f783cbd53921330e6ea3b821b_roi_17.png,0.861528217792511,792.4497933597461,39.06456978973537,802.2897681260725,38.317953834561706,9.839974766326463,-0.7466159551736666,9.839974766326463,0.7466159551736666
257_png.rf.d0e9b62c92e89f70b1ab6feac50e3c89_roi_46.png,257_png.rf.d0e9b62c92e89f70b1ab6feac50e3c89_roi_39.png,0.8614067435264587,832.7951361329307,50.85261557302929,952.870602285327,48.89682459294311,120.0754661523963,-1.955790980086178,120.0754661523963,1.955790980086178
241_png.rf.284efb813a510d2e8012ce8856789030_roi_32.png,241_png.rf.284efb813a510d2e8012ce8856789030_roi_46.png,0.8606862425804138,727.5806563219357,32.39809930784153,739.8417073310853,34.93315176339944,12.261051009149583,2.53505245555791,12.261051009149583,2.53505245555791
60_png.rf.a000903d437e210d51f99e68ebbad4fb_roi_4.png,60_png.rf.a000903d437e210d51f99e68ebbad4fb_roi_1.png,0.8602767586708069,646.4645050702401,45.41064253050907,727.2870590892201,43.05009179709628,80.82255401897999,-2.3605507334127935,80.82255401897999,2.3605507334127935
127_png.rf.f5998eff46ab9c23d70c90ea9d4ca09a_roi_40.png,127_png.rf.f5998eff46ab9c23d70c90ea9d4ca09a_roi_22.png,0.8593806624412537,745.1695369407837,34.89625713917452,746.2470992387795,40.576254375640445,1.0775622979957689,5.679997236465923,1.0775622979957689,5.679997236465923
241_png.rf.284efb813a510d2e8012ce8856789030_roi_53.png,241_png.rf.284efb813a510d2e8012ce8856789030_roi_26.png,0.8578491806983948,726.263443111769,32.2143474043002,739.4230193966077,36.01035784236266,13.15957628483875,3.79601043806246,13.15957628483875,3.79601043806246
14_png.rf.c25a6dade4d855368be01104eaa5b4d8_roi_19.png,14_png.rf.c25a6dade4d855368be01104eaa5b4d8_roi_9.png,0.8572890162467957,654.4538457296461,29.69233551247632,652.595650362576,31.98582749099005,-1.8581953670701523,2.2934919785137318,1.8581953670701523,2.2934919785137318
108_png.rf.160624ea8bde3c8593ffcc9ddb55a11d_roi_7.png,108_png.rf.160624ea8bde3c8593ffcc9ddb55a11d_roi_20.png,0.8571957349777222,756.4837294585811,33.79432832219688,767.1537417795246,38.869616456606536,10.670012320943442,5.075288134409654,10.670012320943442,5.075288134409654
96_png.rf.5e3968fff8f9f8fdab30c8f999334f6f_roi_13.png,96_png.rf.5e3968fff8f9f8fdab30c8f999334f6f_roi_53.png,0.857187807559967,838.9584651326888,35.94838248079658,860.2773965934334,40.46329767397398,21.31893146074458,4.514915193177401,21.31893146074458,4.514915193177401
124_png.rf.144d1a960a56ef39d10c4e62e12a454f_roi_40.png,124_png.rf.144d1a960a56ef39d10c4e62e12a454f_roi_24.png,0.8553791642189026,518.0710242234288,32.79377384771625,537.984832135225,33.28722627526628,19.913807911796198,0.49345242755002516,19.913807911796198,0.49345242755002516
236_png.rf.7b7b373f783cbd53921330e6ea3b821b_roi_20.png,236_png.rf.7b7b373f783cbd53921330e6ea3b821b_roi_34.png,0.8550000190734863,719.8620246080812,35.0879734960484,712.4523193046181,38.84391807125352,-7.40970530346317,3.7559445752051204,7.40970530346317,3.7559445752051204
102_png.rf.17ecda620c62893042cd19d261c2d15e_roi_49.png,102_png.rf.17ecda620c62893042cd19d261c2d15e_roi_21.png,0.8546226620674133,811.8650906293033,35.55708363669212,809.8354428884991,41.3171516062169,-2.0296477408041937,5.760067969524783,2.0296477408041937,5.760067969524783
12_png.rf.49dc252058487427cd943ed38c5d8627_roi_11.png,12_png.rf.49dc252058487427cd943ed38c5d8627_roi_8.png,0.853973388671875,637.4527303891302,37.86095796573216,704.1595658496071,37.792329305452775,66.7068354604769,-0.06862866027938708,66.7068354604769,0.06862866027938708
8_png.rf.948823bca27201cd701a09c4a0aeff25_roi_10.png,8_png.rf.948823bca27201cd701a09c4a0aeff25_roi_1.png,0.8534930348396301,668.1410280147896,37.24315271735388,757.1242278418835,34.60459312540983,88.98319982709381,-2.638559591944052,88.98319982709381,2.638559591944052
120_png.rf.4511382e2372fd66448504ae75698502_roi_4.png,120_png.rf.4511382e2372fd66448504ae75698502_roi_34.png,0.8534748554229736,764.9515816909839,36.03005946954153,808.3758437052765,39.231141528143816,43.424262014292594,3.201082058602289,43.424262014292594,3.201082058602289
230_png.rf.9c37ef11d073f07a9d9b8aed22734e6a_roi_54.png,230_png.rf.9c37ef11d073f07a9d9b8aed22734e6a_roi_50.png,0.8516072034835815,746.8281955983971,29.41494887333853,751.0614717548785,33.50602152183685,4.233276156481452,4.091072648498319,4.233276156481452,4.091072648498319
96_png.rf.5e3968fff8f9f8fdab30c8f999334f6f_roi_11.png,96_png.rf.5e3968fff8f9f8fdab30c8f999334f6f_roi_48.png,0.8509385585784912,760.4516080424103,33.50435491026692,819.4098219911418,36.60495235030563,58.958213948731554,3.1005974400387117,58.958213948731554,3.1005974400387117
174_png.rf.0e87f59ae4c245e42548098544b4cc07_roi_13.png,174_png.rf.0e87f59ae4c245e42548098544b4cc07_roi_17.png,0.8504801392555237,735.6829560333639,37.17362584007324,769.4003512204886,41.62111296545186,33.71739518712468,4.447487125378615,33.71739518712468,4.447487125378615
96_png.rf.5e3968fff8f9f8fdab30c8f999334f6f_roi_14.png,96_png.rf.5e3968fff8f9f8fdab30c8f999334f6f_roi_46.png,0.849481463432312,861.1427487730705,36.82810470715077,882.3243867027353,41.57048843260869,21.181637929664817,4.74238372545792,21.181637929664817,4.74238372545792
120_png.rf.4511382e2372fd66448504ae75698502_roi_12.png,120_png.rf.4511382e2372fd66448504ae75698502_roi_17.png,0.8490513563156128,877.3299998625411,39.147001425923705,892.4499479531279,43.4595346360171,15.119948090586831,4.312533210093399,15.119948090586831,4.312533210093399
146_png.rf.6ba5197b14cc019df1f46cda73230bd2_roi_34.png,146_png.rf.6ba5197b14cc019df1f46cda73230bd2_roi_38.png,0.848998486995697,608.8327824364987,30.76081166090116,607.9535795215784,34.809381554386746,-0.87920291492037,4.048569893485585,0.87920291492037,4.048569893485585
207_png.rf.6406870a5223a2b33da9c5d54d767796_roi_12.png,207_png.rf.6406870a5223a2b33da9c5d54d767796_roi_50.png,0.848802387714386,346.51926109129585,19.36575819182673,372.02722526110114,18.52828119139334,25.50796416980529,-0.8374770004333882,25.50796416980529,0.8374770004333882
31_png.rf.8c44aa894a4794a3b8219900d8410790_roi_18.png,31_png.rf.8c44aa894a4794a3b8219900d8410790_roi_19.png,0.848778247833252,581.9151499564191,36.55460647023224,618.782757517475,37.429728865219495,36.867607561055934,0.8751223949872582,36.867607561055934,0.8751223949872582
138_png.rf.908dcbe578186eb4dceaf9330c729cfb_roi_21.png,138_png.rf.908dcbe578186eb4dceaf9330c729cfb_roi_19.png,0.8459409475326538,778.8300311163131,41.28916390425964,782.2442167482469,43.02215388916749,3.414185631933833,1.732989984907853,3.414185631933833,1.732989984907853
125_png.rf.0cd17c5aff1f4162dfb2c73cb9991f3e_roi_38.png,125_png.rf.0cd17c5aff1f4162dfb2c73cb9991f3e_roi_30.png,0.8451661467552185,707.2991092068189,35.31122515878577,727.1496918423236,39.7554608969021,19.85058263550468,4.444235738116333,19.85058263550468,4.444235738116333
112_png.rf.6c97f0189ea80fec5eb32c7787ddafbc_roi_48.png,112_png.rf.6c97f0189ea80fec5eb32c7787ddafbc_roi_34.png,0.8450170755386353,642.0192389905878,44.860676977807074,622.7805239247842,40.17595233599349,-19.238715065803603,-4.684724641813581,19.238715065803603,4.684724641813581
236_png.rf.7b7b373f783cbd53921330e6ea3b821b_roi_44.png,236_png.rf.7b7b373f783cbd53921330e6ea3b821b_roi_33.png,0.8435550928115845,656.1345012842372,28.20953170549365,643.7529433512917,32.227959101411294,-12.381557932945498,4.018427395917644,12.381557932945498,4.018427395917644
209_png.rf.dd87f1ca3b14389f4c040ad6ff084cbe_roi_3.png,209_png.rf.dd87f1ca3b14389f4c040ad6ff084cbe_roi_41.png,0.8427602052688599,427.7164257701968,21.0832839897604,429.4750217669654,20.98761195582928,1.7585959967686335,-0.09567203393111967,1.7585959967686335,0.09567203393111967
152_png.rf.39c63859049503978a692da8d573f11d_roi_49.png,152_png.rf.39c63859049503978a692da8d573f11d_roi_40.png,0.8425875902175903,630.8455226317519,28.83155620313748,653.1343067979421,29.71752904272441,22.288784166190226,0.8859728395869304,22.288784166190226,0.8859728395869304
62_png.rf.beb309695495d75acd96567a6b6510bc_roi_33.png,62_png.rf.beb309695495d75acd96567a6b6510bc_roi_27.png,0.8422907590866089,414.09554963307727,25.684349599546493,487.9522029150626,25.32921709216019,73.85665328198536,-0.35513250738630475,73.85665328198536,0.35513250738630475
231_png.rf.f3e62932017a5371d12e33973c57f95b_roi_76.png,231_png.rf.f3e62932017a5371d12e33973c57f95b_roi_86.png,0.8420107960700989,467.0975722673927,24.60203207935172,453.86282215492486,24.88192046206737,-13.23475011246785,0.27988838271565086,13.23475011246785,0.27988838271565086
236_png.rf.7b7b373f783cbd53921330e6ea3b821b_roi_6.png,236_png.rf.7b7b373f783cbd53921330e6ea3b821b_roi_24.png,0.8414822220802307,648.9477456147177,29.40313767799012,653.6075700625028,31.07906898460544,4.659824447785013,1.6759313066153183,4.659824447785013,1.6759313066153183
145_png.rf.cb189c4b5913bc8fcb53703f1d06d8fa_roi_38.png,145_png.rf.cb189c4b5913bc8fcb53703f1d06d8fa_roi_24.png,0.8410970568656921,667.7834986287739,32.732445155350774,700.8208296974193,35.31301933154947,33.03733106864536,2.580574176198695,33.03733106864536,2.580574176198695
123_png.rf.0c588dbfcff4253201b9ca4de4e9e251_roi_3.png,123_png.rf.0c588dbfcff4253201b9ca4de4e9e251_roi_6.png,0.8398661613464355,587.9691396116368,33.174823382411184,620.3479861245748,37.05990636616638,32.378846512938026,3.885082983755197,32.378846512938026,3.885082983755197
237_png.rf.8ad467db9f17529916aeaeca083f306e_roi_27.png,237_png.rf.8ad467db9f17529916aeaeca083f306e_roi_53.png,0.8385477066040039,739.0258939667588,33.257500757247286,731.6717043428091,38.03167993069297,-7.354189623949651,4.774179173445681,7.354189623949651,4.774179173445681
96_png.rf.5e3968fff8f9f8fdab30c8f999334f6f_roi_12.png,96_png.rf.5e3968fff8f9f8fdab30c8f999334f6f_roi_52.png,0.8379310369491577,838.6613410584795,37.91549735670844,872.1155255181217,43.94848470711865,33.45418445964219,6.03298735041021,33.45418445964219,6.03298735041021
120_png.rf.4511382e2372fd66448504ae75698502_roi_35.png,120_png.rf.4511382e2372fd66448504ae75698502_roi_28.png,0.8359580039978027,754.8314207400972,38.171141938742615,794.3498404183176,40.901446052182685,39.518419678220425,2.73030411344007,39.518419678220425,2.73030411344007
121_png.rf.49e7ff8713556ad7cc37d311e25762ea_roi_20.png,121_png.rf.49e7ff8713556ad7cc37d311e25762ea_roi_44.png,0.8342170119285583,779.2769159346841,33.39947693585172,784.8068596287402,39.5503074308618,5.529943694056101,6.1508304950100765,5.529943694056101,6.1508304950100765
227_png.rf.296b6ab312f6933dc130b671797b1a69_roi_35.png,227_png.rf.296b6ab312f6933dc130b671797b1a69_roi_23.png,0.8339751958847046,642.0633477721027,34.03381760263236,705.0938601875306,35.92343752859717,63.03051241542789,1.8896199259648085,63.03051241542789,1.8896199259648085
136_png.rf.7a735b709fa85d325c66be549f2953fe_roi_8.png,136_png.rf.7a735b709fa85d325c66be549f2953fe_roi_4.png,0.8337849974632263,563.2022428509272,36.18632926458518,596.2567669394041,40.3277107334986,33.05452408847691,4.141381468913416,33.05452408847691,4.141381468913416
233_png.rf.2b58d11f6910e50a1a7c57dfb7968557_roi_16.png,233_png.rf.2b58d11f6910e50a1a7c57dfb7968557_roi_6.png,0.8334195613861084,647.859374322003,29.879552065399057,634.9033863125942,31.259385975340063,-12.95598800940877,1.3798339099410057,12.95598800940877,1.3798339099410057
236_png.rf.7b7b373f783cbd53921330e6ea3b821b_roi_12.png,236_png.rf.7b7b373f783cbd53921330e6ea3b821b_roi_43.png,0.8306382894515991,729.6712613868254,29.90351426834104,736.5250893281243,35.29086921677886,6.853827941298846,5.387354948437817,6.853827941298846,5.387354948437817
109_png.rf.c8dd17e858d1df0c04a8d6524de5fe76_roi_12.png,109_png.rf.c8dd17e858d1df0c04a8d6524de5fe76_roi_22.png,0.8294139504432678,746.0392258956313,33.12523366797652,769.1650794488993,38.14230254761232,23.12585355326803,5.017068879635801,23.12585355326803,5.017068879635801
237_png.rf.8ad467db9f17529916aeaeca083f306e_roi_23.png,237_png.rf.8ad467db9f17529916aeaeca083f306e_roi_14.png,0.8267651796340942,744.2894301445554,34.165488086929614,746.3971658945323,33.60098371048392,2.107735749976996,-0.5645043764456901,2.107735749976996,0.5645043764456901
237_png.rf.8ad467db9f17529916aeaeca083f306e_roi_26.png,237_png.rf.8ad467db9f17529916aeaeca083f306e_roi_36.png,0.8222460746765137,739.2960833712541,35.19617229000331,747.7004501084043,40.214736959758646,8.404366737150212,5.018564669755335,8.404366737150212,5.018564669755335
227_png.rf.296b6ab312f6933dc130b671797b1a69_roi_62.png,227_png.rf.296b6ab312f6933dc130b671797b1a69_roi_35.png,0.8220784664154053,712.0881331956666,33.57932306107935,728.0355251223124,35.87523277858333,15.947391926645764,2.2959097175039815,15.947391926645764,2.2959097175039815
149_png.rf.4dfa00beb57e9649962221eb0b15f710_roi_23.png,149_png.rf.4dfa00beb57e9649962221eb0b15f710_roi_28.png,0.8218673467636108,723.2998517018867,31.768658999716735,767.357120516232,34.56179430375498,44.05726881434532,2.7931353040382447,44.05726881434532,2.7931353040382447
90_png.rf.69bdac2f8992d8d3ebf3226c61ad2bd5_roi_20.png,90_png.rf.69bdac2f8992d8d3ebf3226c61ad2bd5_roi_33.png,0.8203096985816956,716.3275985264978,34.975637412964886,766.2960376783271,40.5311801386296,49.96843915182933,5.555542725664715,49.96843915182933,5.555542725664715
225_png.rf.26db629c7699dec1072172565f890b48_roi_21.png,225_png.rf.26db629c7699dec1072172565f890b48_roi_16.png,0.8193355798721313,737.1406193001665,33.1210789097604,765.3973277660912,38.24652792579184,28.256708465924703,5.125449016031439,28.256708465924703,5.125449016031439
252_png.rf.a4b084dc500978b10c8730046675dde5_roi_32.png,252_png.rf.a4b084dc500978b10c8730046675dde5_roi_50.png,0.815947413444519,850.3743727135156,38.11731855877551,1082.3257830238394,40.75530497850339,231.9514103103238,2.6379864197278806,231.9514103103238,2.6379864197278806
120_png.rf.4511382e2372fd66448504ae75698502_roi_22.png,120_png.rf.4511382e2372fd66448504ae75698502_roi_33.png,0.8129785060882568,775.0210801716122,32.03508673990001,801.3958125268798,38.08089441481954,26.37473235526761,6.04580767491953,26.37473235526761,6.04580767491953
241_png.rf.284efb813a510d2e8012ce8856789030_roi_31.png,241_png.rf.284efb813a510d2e8012ce8856789030_roi_25.png,0.8087431788444519,732.6040953203214,32.37602838758306,723.6396540377062,32.63833460598831,-8.964441282615212,0.26230621840525004,8.964441282615212,0.26230621840525004
148_png.rf.2792a5b60dde0320afebc5e526e3967a_roi_13.png,148_png.rf.2792a5b60dde0320afebc5e526e3967a_roi_14.png,0.8061558604240417,540.6540938507022,25.570283062884883,597.7631264996359,27.75567380656478,57.109032648933635,2.1853907436798963,57.109032648933635,2.1853907436798963
128_png.rf.bff9aea834e0f8c141fb97e07d16c917_roi_36.png,128_png.rf.bff9aea834e0f8c141fb97e07d16c917_roi_36.png,0.8035632967948914,568.6793402044701,34.491368279610406,598.5276732186513,41.13237718914143,29.848333014181208,6.641008909531024,29.848333014181208,6.641008909531024
79_png.rf.5ec9f077f4d5af0f3ab029d7283bba4e_roi_13.png,79_png.rf.5ec9f077f4d5af0f3ab029d7283bba4e_roi_60.png,0.8018545508384705,605.3226749841689,36.58605874080116,387.74156337149,48.25744323129295,-217.5811116126789,11.671384490491796,217.5811116126789,11.671384490491796
62_png.rf.beb309695495d75acd96567a6b6510bc_roi_20.png,62_png.rf.beb309695495d75acd96567a6b6510bc_roi_15.png,0.7997903823852539,567.1570665439077,29.72661379180207,620.9393489620876,33.59048822006748,53.782282418179875,3.863874428265408,53.782282418179875,3.863874428265408
150_png.rf.5ef32cd27346163ba4df997dac47f9ae_roi_16.png,150_png.rf.5ef32cd27346163ba4df997dac47f9ae_roi_27.png,0.796782374382019,523.1803788731966,20.865103550302287,541.9453092201883,23.443709246545723,18.76493034699172,2.578605696243436,18.76493034699172,2.578605696243436
103_png.rf.b9743a889c7194da0b8dce5c5b632bbc_roi_31.png,103_png.rf.b9743a889c7194da0b8dce5c5b632bbc_roi_35.png,0.7939255237579346,769.7618066535234,35.64542432067053,821.3055610015866,39.91570410180408,51.5437543480632,4.270279781133553,51.5437543480632,4.270279781133553
12_png.rf.49dc252058487427cd943ed38c5d8627_roi_8.png,12_png.rf.49dc252058487427cd943ed38c5d8627_roi_20.png,0.7866619825363159,798.8976253989827,37.9258100695317,711.2999641522703,36.96766762907045,-87.59766124671239,-0.958142440461252,87.59766124671239,0.958142440461252
19_png.rf.aabc4ba10a41d7686e6d12be86adbf62_roi_20.png,19_png.rf.aabc4ba10a41d7686e6d12be86adbf62_roi_17.png,0.7768924236297607,689.5880039806951,34.65684351005191,812.1420941806768,37.49603378370891,122.55409019998172,2.839190273657003,122.55409019998172,2.839190273657003
49_png.rf.7b6be40490eb63cd475ec3f1272052ea_roi_4.png,49_png.rf.7b6be40490eb63cd475ec3f1272052ea_roi_8.png,0.7722772359848022,651.4895973250314,31.12324762356009,699.003585228846,33.40771928047151,47.51398790381461,2.284471656911421,47.51398790381461,2.284471656911421
248_png.rf.4ec2462982fc48b6004835af80908b6d_roi_40.png,248_png.rf.4ec2462982fc48b6004835af80908b6d_roi_52.png,0.7699999809265137,159.58308191337323,29.26374700950884,158.24156441049675,32.75995287732163,-1.341517502876485,3.4962058678127903,1.341517502876485,3.4962058678127903
29_png.rf.c9fc855c2b62bc01a20e4d97ef0495e0_roi_7.png,29_png.rf.c9fc855c2b62bc01a20e4d97ef0495e0_roi_11.png,0.7683993577957153,599.2620452442994,28.624837095347143,624.2502064502045,33.03020700352493,24.988161205905044,4.405369908177786,24.988161205905044,4.405369908177786
11_png.rf.06e04b9b157f1751a682bb1ea3aaf986_roi_26.png,11_png.rf.06e04b9b157f1751a682bb1ea3aaf986_roi_17.png,0.7679636478424072,844.2914931368911,36.49512981654246,981.3055880875652,38.5873209448356,137.01409495067412,2.0921911282931376,137.01409495067412,2.0921911282931376
12_png.rf.49dc252058487427cd943ed38c5d8627_roi_9.png,12_png.rf.49dc252058487427cd943ed38c5d8627_roi_11.png,0.7606602311134338,582.1815532068196,32.90116678656227,673.8566412037761,35.00707978058237,91.67508799695656,2.105912994020102,91.67508799695656,2.105912994020102
23_png.rf.eb33425f1552646a0744adb0080634ac_roi_8.png,23_png.rf.eb33425f1552646a0744adb0080634ac_roi_7.png,0.7534090876579285,532.3474769991869,30.443117338687664,561.8495411098,31.555208211489617,29.502064110613105,1.1120908728019536,29.502064110613105,1.1120908728019536
231_png.rf.f3e62932017a5371d12e33973c57f95b_roi_85.png,231_png.rf.f3e62932017a5371d12e33973c57f95b_roi_58.png,0.7488226294517517,590.9218448450983,35.97520200946746,706.3241823355144,39.394396431430025,115.40233749041602,3.4191944219625654,115.40233749041602,3.4191944219625654
263_png.rf.97c0ded9ac82af60867b2c23dec561ec_roi_12.png,263_png.rf.97c0ded9ac82af60867b2c23dec561ec_roi_72.png,0.748131513595581,463.01750388333215,29.67594632806364,417.8156075811616,29.343868134266742,-45.20189630217055,-0.3320781937968995,45.20189630217055,0.3320781937968995
237_png.rf.8ad467db9f17529916aeaeca083f306e_roi_22.png,237_png.rf.8ad467db9f17529916aeaeca083f306e_roi_55.png,0.7335717678070068,643.2612852773271,29.859875454695697,647.1258686444837,37.89007617684842,3.8645833671565697,8.03020072215272,3.8645833671565697,8.03020072215272
218_png.rf.7ccbe926dcb122920421f7672d8e6080_roi_17.png,218_png.rf.7ccbe926dcb122920421f7672d8e6080_roi_23.png,0.7202718257904053,292.43906198082044,25.79833519375152,375.6962690780424,24.204476737474582,83.25720709722196,-1.5938584562769371,83.25720709722196,1.5938584562769371
233_png.rf.2b58d11f6910e50a1a7c57dfb7968557_roi_30.png,233_png.rf.2b58d11f6910e50a1a7c57dfb7968557_roi_29.png,0.7157057523727417,479.1810762115904,28.779099953241484,537.7721523423821,27.418020824179333,58.59107613079175,-1.3610791290621513,58.59107613079175,1.3610791290621513
