human_file,cp_source_filename,cp_row_index,iou,length_um_human,width_um_human,length_um_cellprofiler,length_diff_um,abs_length_diff_um
84_png.rf.58f1729113639cc3714467029dcb4780_roi_52.png,84.png,1161,0.9777777791023254,191.8966363983623,25.77156853855052,182.939514280836,-8.957122117526296,8.957122117526296
86_png.rf.1cb8c3a1af1d5cc935a1d538bc6dd131_roi_15.png,86.png,1177,0.875,205.71162126334968,21.686493480713462,178.893061683106,-26.818559580243686,26.818559580243686
76_png.rf.7f70179db28531c420ff564284110692_roi_56.png,76.png,1019,0.8739725947380066,192.9171314989017,25.31325816786304,203.056662838027,10.139531339125284,10.139531339125284
78_png.rf.64c5d696884a3b905e0a4e7625969623_roi_32.png,78.png,1053,0.8626799583435059,158.51843412730668,37.62382772609904,166.089456311648,7.571022184341331,7.571022184341331
86_png.rf.1cb8c3a1af1d5cc935a1d538bc6dd131_roi_11.png,86.png,1172,0.8277592062950134,146.99414273327702,24.035150200109918,160.729232945436,13.73509021215898,13.73509021215898
84_png.rf.58f1729113639cc3714467029dcb4780_roi_29.png,84.png,1152,0.7310289740562439,214.75597526300965,28.257692135667025,176.161335296242,-38.59463996676766,38.59463996676766
86_png.rf.1cb8c3a1af1d5cc935a1d538bc6dd131_roi_6.png,86.png,1173,0.7262135744094849,190.0474809277568,24.00645043325045,144.825842524659,-45.221638403097785,45.221638403097785
179_png.rf.c0591f9cd7f1fcb237fa1b02dda68f3d_roi_47.png,179.png,2541,0.6791498064994812,246.9848763422534,21.76139449785543,154.9410185766,-92.0438577656534,92.0438577656534
179_png.rf.c0591f9cd7f1fcb237fa1b02dda68f3d_roi_36.png,179.png,2539,0.40755128860473633,256.35404640587063,17.009294853440444,178.465070680483,-77.88897572538764,77.88897572538764
84_png.rf.58f1729113639cc3714467029dcb4780_roi_53.png,84.png,1162,0.3651115596294403,270.902817838785,27.8013842406894,115.919049051038,-154.98376878774698,154.98376878774698
84_png.rf.58f1729113639cc3714467029dcb4780_roi_10.png,84.png,1148,0.36303630471229553,341.865527099574,25.679646324898243,196.628899418153,-145.23662768142103,145.23662768142103
